file,hour,minute,second
clock_00000.jpg,1,23,5
clock_00001.jpg,0,46,42
clock_00002.jpg,3,0,32
clock_00003.jpg,1,50,12
clock_00004.jpg,9,44,43
clock_00005.jpg,10,20,23
clock_00006.jpg,5,51,35
clock_00007.jpg,1,2,30
clock_00008.jpg,3,2,27
clock_00009.jpg,9,16,27
clock_00010.jpg,7,46,11
clock_00011.jpg,10,6,48
clock_00012.jpg,3,10,57
clock_00013.jpg,10,36,32
clock_00014.jpg,5,49,53
clock_00015.jpg,9,59,9
clock_00016.jpg,1,4,54
clock_00017.jpg,6,41,47
clock_00018.jpg,10,32,48
clock_00019.jpg,9,32,2
clock_00020.jpg,11,0,44
clock_00021.jpg,3,33,17
clock_00022.jpg,3,51,32
clock_00023.jpg,0,40,44
clock_00024.jpg,8,39,1
clock_00025.jpg,11,58,27
clock_00026.jpg,9,37,5
clock_00027.jpg,7,50,38
clock_00028.jpg,11,30,7
clock_00029.jpg,4,56,51
clock_00030.jpg,1,28,7
clock_00031.jpg,10,59,6
clock_00032.jpg,0,28,58
clock_00033.jpg,3,26,13
clock_00034.jpg,7,12,9
clock_00035.jpg,10,11,16
clock_00036.jpg,10,22,11
clock_00037.jpg,11,46,10
clock_00038.jpg,11,24,7
clock_00039.jpg,5,49,25
clock_00040.jpg,2,32,58
clock_00041.jpg,0,44,38
clock_00042.jpg,7,20,49
clock_00043.jpg,8,39,58
clock_00044.jpg,1,7,51
clock_00045.jpg,11,58,47
clock_00046.jpg,2,37,36
clock_00047.jpg,3,7,48
clock_00048.jpg,11,38,23
clock_00049.jpg,11,40,59
clock_00050.jpg,0,8,16
clock_00051.jpg,1,34,18
clock_00052.jpg,5,18,0
clock_00053.jpg,11,3,37
clock_00054.jpg,8,53,34
clock_00055.jpg,0,51,49
clock_00056.jpg,1,25,57
clock_00057.jpg,11,12,41
clock_00058.jpg,5,10,37
clock_00059.jpg,5,0,15
clock_00060.jpg,2,44,46
clock_00061.jpg,1,14,51
clock_00062.jpg,8,58,19
clock_00063.jpg,1,1,45
clock_00064.jpg,9,23,48
clock_00065.jpg,4,17,47
clock_00066.jpg,11,2,13
clock_00067.jpg,5,20,52
clock_00068.jpg,1,8,23
clock_00069.jpg,11,7,43
clock_00070.jpg,5,52,35
clock_00071.jpg,7,38,17
clock_00072.jpg,10,3,33
clock_00073.jpg,1,9,33
clock_00074.jpg,8,25,11
clock_00075.jpg,7,38,51
clock_00076.jpg,11,48,4
clock_00077.jpg,0,55,32
clock_00078.jpg,7,32,55
clock_00079.jpg,4,1,20
clock_00080.jpg,0,24,28
clock_00081.jpg,11,19,51
clock_00082.jpg,8,35,31
clock_00083.jpg,1,42,57
clock_00084.jpg,5,44,9
clock_00085.jpg,9,27,8
clock_00086.jpg,4,25,27
clock_00087.jpg,0,8,57
clock_00088.jpg,5,9,30
clock_00089.jpg,10,18,15
clock_00090.jpg,5,17,42
clock_00091.jpg,5,50,11
clock_00092.jpg,9,48,47
clock_00093.jpg,5,23,24
clock_00094.jpg,11,39,56
clock_00095.jpg,0,50,5
clock_00096.jpg,0,7,13
clock_00097.jpg,10,20,51
clock_00098.jpg,5,55,21
clock_00099.jpg,3,49,33
clock_00100.jpg,10,43,37
clock_00101.jpg,6,33,57
clock_00102.jpg,3,52,31
clock_00103.jpg,6,32,40
clock_00104.jpg,3,59,31
clock_00105.jpg,7,46,52
clock_00106.jpg,4,31,40
clock_00107.jpg,10,59,7
clock_00108.jpg,6,53,48
clock_00109.jpg,10,59,32
clock_00110.jpg,11,57,0
clock_00111.jpg,7,59,10
clock_00112.jpg,8,44,34
clock_00113.jpg,7,45,43
clock_00114.jpg,3,49,34
clock_00115.jpg,6,48,13
clock_00116.jpg,4,50,18
clock_00117.jpg,8,43,18
clock_00118.jpg,11,11,16
clock_00119.jpg,3,0,52
clock_00120.jpg,10,44,44
clock_00121.jpg,3,54,46
clock_00122.jpg,10,29,10
clock_00123.jpg,1,35,29
clock_00124.jpg,6,51,13
clock_00125.jpg,5,21,35
clock_00126.jpg,6,55,34
clock_00127.jpg,7,41,29
clock_00128.jpg,10,13,30
clock_00129.jpg,0,47,19
clock_00130.jpg,3,19,50
clock_00131.jpg,10,27,10
clock_00132.jpg,5,15,9
clock_00133.jpg,5,21,47
clock_00134.jpg,10,58,7
clock_00135.jpg,1,51,28
clock_00136.jpg,11,2,51
clock_00137.jpg,0,5,0
clock_00138.jpg,10,33,29
clock_00139.jpg,3,54,17
clock_00140.jpg,5,47,50
clock_00141.jpg,9,40,49
clock_00142.jpg,9,11,15
clock_00143.jpg,0,47,27
clock_00144.jpg,9,40,2
clock_00145.jpg,11,39,24
clock_00146.jpg,3,45,45
clock_00147.jpg,7,29,16
clock_00148.jpg,3,57,5
clock_00149.jpg,9,42,30
clock_00150.jpg,3,26,7
clock_00151.jpg,4,45,0
clock_00152.jpg,9,50,15
clock_00153.jpg,4,57,29
clock_00154.jpg,8,10,46
clock_00155.jpg,4,4,43
clock_00156.jpg,5,30,36
clock_00157.jpg,1,47,34
clock_00158.jpg,3,41,49
clock_00159.jpg,11,9,38
clock_00160.jpg,9,36,0
clock_00161.jpg,10,37,7
clock_00162.jpg,8,50,24
clock_00163.jpg,11,35,21
clock_00164.jpg,8,2,42
clock_00165.jpg,8,19,59
clock_00166.jpg,11,11,44
clock_00167.jpg,9,47,3
clock_00168.jpg,1,6,44
clock_00169.jpg,1,17,29
clock_00170.jpg,0,16,1
clock_00171.jpg,4,48,23
clock_00172.jpg,0,37,58
clock_00173.jpg,3,56,41
clock_00174.jpg,3,51,42
clock_00175.jpg,4,47,16
clock_00176.jpg,9,49,46
clock_00177.jpg,9,35,15
clock_00178.jpg,8,15,44
clock_00179.jpg,5,59,20
clock_00180.jpg,9,49,55
clock_00181.jpg,1,45,35
clock_00182.jpg,8,27,20
clock_00183.jpg,7,53,53
clock_00184.jpg,1,55,14
clock_00185.jpg,11,12,8
clock_00186.jpg,9,51,37
clock_00187.jpg,5,39,22
clock_00188.jpg,0,21,29
clock_00189.jpg,8,36,14
clock_00190.jpg,11,31,41
clock_00191.jpg,6,32,18
clock_00192.jpg,10,35,41
clock_00193.jpg,3,52,50
clock_00194.jpg,11,58,3
clock_00195.jpg,11,54,28
clock_00196.jpg,10,26,54
clock_00197.jpg,6,4,33
clock_00198.jpg,4,1,57
clock_00199.jpg,1,32,45
clock_00200.jpg,0,50,3
clock_00201.jpg,10,19,22
clock_00202.jpg,7,58,44
clock_00203.jpg,6,19,9
clock_00204.jpg,11,8,29
clock_00205.jpg,8,7,30
clock_00206.jpg,4,11,28
clock_00207.jpg,3,47,58
clock_00208.jpg,10,11,47
clock_00209.jpg,4,54,15
clock_00210.jpg,11,9,26
clock_00211.jpg,6,14,26
clock_00212.jpg,9,48,37
clock_00213.jpg,11,59,48
clock_00214.jpg,10,38,44
clock_00215.jpg,11,21,20
clock_00216.jpg,5,11,30
clock_00217.jpg,5,24,15
clock_00218.jpg,10,32,5
clock_00219.jpg,7,0,0
clock_00220.jpg,4,37,14
clock_00221.jpg,3,20,9
clock_00222.jpg,2,9,41
clock_00223.jpg,2,21,26
clock_00224.jpg,1,24,59
clock_00225.jpg,9,26,55
clock_00226.jpg,5,39,57
clock_00227.jpg,1,29,38
clock_00228.jpg,9,47,5
clock_00229.jpg,9,40,19
clock_00230.jpg,6,41,24
clock_00231.jpg,10,49,57
clock_00232.jpg,7,13,26
clock_00233.jpg,6,59,4
clock_00234.jpg,5,21,32
clock_00235.jpg,11,45,41
clock_00236.jpg,1,23,1
clock_00237.jpg,10,31,24
clock_00238.jpg,1,4,57
clock_00239.jpg,8,33,36
clock_00240.jpg,9,28,5
clock_00241.jpg,8,21,10
clock_00242.jpg,11,24,19
clock_00243.jpg,11,41,10
clock_00244.jpg,9,31,56
clock_00245.jpg,10,39,4
clock_00246.jpg,4,27,12
clock_00247.jpg,9,39,42
clock_00248.jpg,4,16,28
clock_00249.jpg,3,35,17
clock_00250.jpg,2,38,58
clock_00251.jpg,7,46,6
clock_00252.jpg,3,10,55
clock_00253.jpg,0,9,4
clock_00254.jpg,0,5,1
clock_00255.jpg,4,55,17
clock_00256.jpg,0,19,37
clock_00257.jpg,3,23,1
clock_00258.jpg,4,4,25
clock_00259.jpg,3,2,1
clock_00260.jpg,4,15,17
clock_00261.jpg,8,57,16
clock_00262.jpg,1,20,50
clock_00263.jpg,10,16,20
clock_00264.jpg,3,34,15
clock_00265.jpg,3,9,29
clock_00266.jpg,2,15,54
clock_00267.jpg,6,30,35
clock_00268.jpg,8,59,55
clock_00269.jpg,9,26,22
clock_00270.jpg,7,40,59
clock_00271.jpg,5,23,58
clock_00272.jpg,2,10,7
clock_00273.jpg,6,55,39
clock_00274.jpg,1,13,40
clock_00275.jpg,7,14,51
clock_00276.jpg,10,5,38
clock_00277.jpg,8,6,5
clock_00278.jpg,8,31,19
clock_00279.jpg,11,30,43
clock_00280.jpg,4,24,12
clock_00281.jpg,0,46,0
clock_00282.jpg,4,44,8
clock_00283.jpg,8,6,15
clock_00284.jpg,6,8,52
clock_00285.jpg,6,14,41
clock_00286.jpg,0,24,56
clock_00287.jpg,8,20,22
clock_00288.jpg,2,11,3
clock_00289.jpg,2,41,31
clock_00290.jpg,9,1,33
clock_00291.jpg,8,14,51
clock_00292.jpg,7,36,35
clock_00293.jpg,2,36,23
clock_00294.jpg,0,13,2
clock_00295.jpg,9,32,14
clock_00296.jpg,8,48,17
clock_00297.jpg,10,53,53
clock_00298.jpg,2,40,42
clock_00299.jpg,9,26,59
clock_00300.jpg,8,37,29
clock_00301.jpg,4,20,7
clock_00302.jpg,5,57,56
clock_00303.jpg,1,19,9
clock_00304.jpg,9,5,30
clock_00305.jpg,8,45,34
clock_00306.jpg,6,54,55
clock_00307.jpg,0,7,47
clock_00308.jpg,6,1,1
clock_00309.jpg,10,31,20
clock_00310.jpg,6,18,29
clock_00311.jpg,2,14,12
clock_00312.jpg,6,37,22
clock_00313.jpg,7,33,30
clock_00314.jpg,9,36,10
clock_00315.jpg,0,43,32
clock_00316.jpg,8,4,47
clock_00317.jpg,7,12,19
clock_00318.jpg,6,22,15
clock_00319.jpg,8,58,16
clock_00320.jpg,1,10,58
clock_00321.jpg,11,14,19
clock_00322.jpg,7,24,42
clock_00323.jpg,5,23,23
clock_00324.jpg,11,43,20
clock_00325.jpg,3,28,55
clock_00326.jpg,6,48,35
clock_00327.jpg,0,31,41
clock_00328.jpg,9,0,24
clock_00329.jpg,7,14,44
clock_00330.jpg,9,39,58
clock_00331.jpg,7,54,40
clock_00332.jpg,11,32,38
clock_00333.jpg,6,27,37
clock_00334.jpg,1,56,32
clock_00335.jpg,6,22,29
clock_00336.jpg,10,21,20
clock_00337.jpg,8,39,20
clock_00338.jpg,8,52,58
clock_00339.jpg,0,32,35
clock_00340.jpg,2,18,6
clock_00341.jpg,5,50,45
clock_00342.jpg,9,56,49
clock_00343.jpg,4,10,33
clock_00344.jpg,3,33,23
clock_00345.jpg,3,58,59
clock_00346.jpg,3,33,6
clock_00347.jpg,10,39,59
clock_00348.jpg,10,25,17
clock_00349.jpg,8,42,1
clock_00350.jpg,3,29,15
clock_00351.jpg,2,22,17
clock_00352.jpg,7,1,52
clock_00353.jpg,4,27,10
clock_00354.jpg,7,48,17
clock_00355.jpg,3,17,6
clock_00356.jpg,10,43,48
clock_00357.jpg,5,11,42
clock_00358.jpg,3,13,12
clock_00359.jpg,10,45,55
clock_00360.jpg,9,7,45
clock_00361.jpg,2,55,42
clock_00362.jpg,3,54,39
clock_00363.jpg,6,26,59
clock_00364.jpg,0,18,0
clock_00365.jpg,2,5,58
clock_00366.jpg,10,31,51
clock_00367.jpg,4,11,52
clock_00368.jpg,4,31,3
clock_00369.jpg,10,9,21
clock_00370.jpg,8,17,11
clock_00371.jpg,7,9,30
clock_00372.jpg,3,48,13
clock_00373.jpg,5,22,21
clock_00374.jpg,10,28,1
clock_00375.jpg,6,6,48
clock_00376.jpg,1,43,48
clock_00377.jpg,5,20,8
clock_00378.jpg,0,21,24
clock_00379.jpg,7,46,8
clock_00380.jpg,5,17,16
clock_00381.jpg,11,32,58
clock_00382.jpg,10,33,29
clock_00383.jpg,0,43,42
clock_00384.jpg,1,48,46
clock_00385.jpg,4,11,16
clock_00386.jpg,10,21,56
clock_00387.jpg,3,40,28
clock_00388.jpg,1,5,38
clock_00389.jpg,5,43,51
clock_00390.jpg,2,11,48
clock_00391.jpg,1,0,17
clock_00392.jpg,4,35,49
clock_00393.jpg,6,2,30
clock_00394.jpg,8,0,21
clock_00395.jpg,1,9,22
clock_00396.jpg,4,22,28
clock_00397.jpg,4,39,14
clock_00398.jpg,4,22,38
clock_00399.jpg,10,30,21
clock_00400.jpg,3,26,3
clock_00401.jpg,11,42,11
clock_00402.jpg,4,47,23
clock_00403.jpg,6,40,41
clock_00404.jpg,0,34,41
clock_00405.jpg,3,19,39
clock_00406.jpg,8,42,34
clock_00407.jpg,4,12,8
clock_00408.jpg,7,55,13
clock_00409.jpg,5,18,28
clock_00410.jpg,5,6,27
clock_00411.jpg,11,56,50
clock_00412.jpg,4,52,59
clock_00413.jpg,1,48,22
clock_00414.jpg,9,37,45
clock_00415.jpg,1,43,4
clock_00416.jpg,6,6,3
clock_00417.jpg,0,45,30
clock_00418.jpg,8,47,0
clock_00419.jpg,11,6,59
clock_00420.jpg,6,43,26
clock_00421.jpg,4,58,19
clock_00422.jpg,3,29,56
clock_00423.jpg,5,29,23
clock_00424.jpg,7,17,21
clock_00425.jpg,11,2,40
clock_00426.jpg,10,22,43
clock_00427.jpg,3,54,33
clock_00428.jpg,10,7,55
clock_00429.jpg,11,17,7
clock_00430.jpg,11,39,37
clock_00431.jpg,7,56,46
clock_00432.jpg,0,32,20
clock_00433.jpg,5,3,23
clock_00434.jpg,8,50,47
clock_00435.jpg,7,40,42
clock_00436.jpg,11,4,56
clock_00437.jpg,6,36,44
clock_00438.jpg,11,51,30
clock_00439.jpg,10,44,4
clock_00440.jpg,3,38,31
clock_00441.jpg,2,35,26
clock_00442.jpg,3,11,47
clock_00443.jpg,3,53,39
clock_00444.jpg,6,50,58
clock_00445.jpg,10,50,43
clock_00446.jpg,2,35,47
clock_00447.jpg,11,49,45
clock_00448.jpg,2,36,29
clock_00449.jpg,3,25,31
clock_00450.jpg,11,7,9
clock_00451.jpg,5,12,57
clock_00452.jpg,3,16,13
clock_00453.jpg,8,14,0
clock_00454.jpg,7,18,35
clock_00455.jpg,7,21,0
clock_00456.jpg,11,55,59
clock_00457.jpg,7,51,18
clock_00458.jpg,10,4,47
clock_00459.jpg,1,44,27
clock_00460.jpg,11,53,8
clock_00461.jpg,3,24,36
clock_00462.jpg,8,53,54
clock_00463.jpg,0,23,35
clock_00464.jpg,9,23,23
clock_00465.jpg,1,50,0
clock_00466.jpg,9,15,18
clock_00467.jpg,9,2,19
clock_00468.jpg,11,29,21
clock_00469.jpg,5,20,1
clock_00470.jpg,2,58,57
clock_00471.jpg,11,2,13
clock_00472.jpg,3,22,4
clock_00473.jpg,4,33,29
clock_00474.jpg,0,25,30
clock_00475.jpg,5,53,9
clock_00476.jpg,8,12,3
clock_00477.jpg,1,33,3
clock_00478.jpg,4,12,12
clock_00479.jpg,5,7,28
clock_00480.jpg,5,29,31
clock_00481.jpg,6,32,51
clock_00482.jpg,3,5,54
clock_00483.jpg,4,20,56
clock_00484.jpg,5,47,22
clock_00485.jpg,8,25,38
clock_00486.jpg,6,58,57
clock_00487.jpg,4,27,28
clock_00488.jpg,11,18,26
clock_00489.jpg,11,0,1
clock_00490.jpg,1,50,45
clock_00491.jpg,2,27,48
clock_00492.jpg,8,51,30
clock_00493.jpg,5,30,31
clock_00494.jpg,7,22,7
clock_00495.jpg,3,26,17
clock_00496.jpg,3,45,1
clock_00497.jpg,4,12,37
clock_00498.jpg,0,12,46
clock_00499.jpg,6,52,24
clock_00500.jpg,11,58,50
clock_00501.jpg,3,32,0
clock_00502.jpg,7,19,36
clock_00503.jpg,6,8,52
clock_00504.jpg,0,35,3
clock_00505.jpg,3,42,39
clock_00506.jpg,7,56,0
clock_00507.jpg,6,44,18
clock_00508.jpg,7,26,53
clock_00509.jpg,3,3,54
clock_00510.jpg,8,1,42
clock_00511.jpg,1,51,14
clock_00512.jpg,7,28,12
clock_00513.jpg,1,55,39
clock_00514.jpg,1,0,40
clock_00515.jpg,8,51,11
clock_00516.jpg,11,45,2
clock_00517.jpg,11,50,24
clock_00518.jpg,0,46,31
clock_00519.jpg,4,40,49
clock_00520.jpg,10,17,37
clock_00521.jpg,5,15,38
clock_00522.jpg,11,22,52
clock_00523.jpg,1,43,41
clock_00524.jpg,7,16,33
clock_00525.jpg,7,27,26
clock_00526.jpg,2,29,48
clock_00527.jpg,5,18,37
clock_00528.jpg,8,25,48
clock_00529.jpg,7,12,28
clock_00530.jpg,8,46,15
clock_00531.jpg,5,56,6
clock_00532.jpg,4,5,22
clock_00533.jpg,6,34,25
clock_00534.jpg,10,11,33
clock_00535.jpg,8,32,22
clock_00536.jpg,6,25,7
clock_00537.jpg,8,44,46
clock_00538.jpg,2,45,26
clock_00539.jpg,11,2,59
clock_00540.jpg,8,31,49
clock_00541.jpg,0,29,46
clock_00542.jpg,1,18,43
clock_00543.jpg,3,45,35
clock_00544.jpg,3,28,22
clock_00545.jpg,5,25,25
clock_00546.jpg,3,43,10
clock_00547.jpg,10,9,39
clock_00548.jpg,4,24,17
clock_00549.jpg,9,13,43
clock_00550.jpg,5,6,29
clock_00551.jpg,0,38,46
clock_00552.jpg,5,36,12
clock_00553.jpg,2,18,48
clock_00554.jpg,10,16,28
clock_00555.jpg,6,52,47
clock_00556.jpg,0,10,30
clock_00557.jpg,7,28,29
clock_00558.jpg,5,55,38
clock_00559.jpg,10,47,40
clock_00560.jpg,8,6,55
clock_00561.jpg,6,15,0
clock_00562.jpg,11,56,7
clock_00563.jpg,11,30,39
clock_00564.jpg,0,34,3
clock_00565.jpg,8,27,31
clock_00566.jpg,2,23,15
clock_00567.jpg,3,23,16
clock_00568.jpg,2,7,51
clock_00569.jpg,9,6,58
clock_00570.jpg,6,26,29
clock_00571.jpg,3,35,11
clock_00572.jpg,3,41,40
clock_00573.jpg,1,57,40
clock_00574.jpg,9,13,2
clock_00575.jpg,5,50,4
clock_00576.jpg,8,34,37
clock_00577.jpg,4,0,36
clock_00578.jpg,2,42,46
clock_00579.jpg,6,45,17
clock_00580.jpg,9,1,32
clock_00581.jpg,3,28,41
clock_00582.jpg,11,3,17
clock_00583.jpg,8,21,27
clock_00584.jpg,0,16,37
clock_00585.jpg,2,42,46
clock_00586.jpg,11,56,27
clock_00587.jpg,11,5,3
clock_00588.jpg,2,13,37
clock_00589.jpg,9,55,2
clock_00590.jpg,9,0,34
clock_00591.jpg,0,51,1
clock_00592.jpg,9,56,2
clock_00593.jpg,8,25,27
clock_00594.jpg,3,42,3
clock_00595.jpg,5,18,59
clock_00596.jpg,10,38,7
clock_00597.jpg,7,51,21
clock_00598.jpg,2,54,24
clock_00599.jpg,5,41,1
clock_00600.jpg,9,24,18
clock_00601.jpg,9,48,14
clock_00602.jpg,4,27,22
clock_00603.jpg,0,41,35
clock_00604.jpg,0,42,23
clock_00605.jpg,0,56,43
clock_00606.jpg,11,58,52
clock_00607.jpg,0,6,35
clock_00608.jpg,2,58,13
clock_00609.jpg,8,22,30
clock_00610.jpg,3,46,54
clock_00611.jpg,7,17,51
clock_00612.jpg,5,14,53
clock_00613.jpg,11,59,33
clock_00614.jpg,6,37,0
clock_00615.jpg,11,27,41
clock_00616.jpg,6,9,24
clock_00617.jpg,9,49,26
clock_00618.jpg,6,35,24
clock_00619.jpg,10,26,56
clock_00620.jpg,8,50,56
clock_00621.jpg,0,52,24
clock_00622.jpg,7,1,31
clock_00623.jpg,3,44,23
clock_00624.jpg,9,51,45
clock_00625.jpg,5,28,56
clock_00626.jpg,9,50,42
clock_00627.jpg,4,28,31
clock_00628.jpg,1,22,15
clock_00629.jpg,8,55,40
clock_00630.jpg,9,58,28
clock_00631.jpg,0,7,30
clock_00632.jpg,5,3,59
clock_00633.jpg,3,13,19
clock_00634.jpg,1,20,37
clock_00635.jpg,7,20,53
clock_00636.jpg,7,14,55
clock_00637.jpg,8,5,43
clock_00638.jpg,1,19,0
clock_00639.jpg,7,3,47
clock_00640.jpg,9,46,44
clock_00641.jpg,4,21,50
clock_00642.jpg,4,31,28
clock_00643.jpg,1,47,27
clock_00644.jpg,9,0,39
clock_00645.jpg,6,27,59
clock_00646.jpg,4,12,10
clock_00647.jpg,1,39,23
clock_00648.jpg,3,25,56
clock_00649.jpg,7,46,16
clock_00650.jpg,4,29,20
clock_00651.jpg,4,49,59
clock_00652.jpg,9,5,35
clock_00653.jpg,3,53,49
clock_00654.jpg,7,16,7
clock_00655.jpg,11,7,49
clock_00656.jpg,1,24,15
clock_00657.jpg,4,53,23
clock_00658.jpg,8,11,35
clock_00659.jpg,11,32,35
clock_00660.jpg,3,14,9
clock_00661.jpg,7,38,24
clock_00662.jpg,6,11,16
clock_00663.jpg,5,9,10
clock_00664.jpg,1,19,43
clock_00665.jpg,1,20,32
clock_00666.jpg,10,56,11
clock_00667.jpg,9,15,13
clock_00668.jpg,6,55,5
clock_00669.jpg,4,57,16
clock_00670.jpg,10,2,20
clock_00671.jpg,11,39,10
clock_00672.jpg,3,43,51
clock_00673.jpg,5,3,8
clock_00674.jpg,3,46,38
clock_00675.jpg,7,44,22
clock_00676.jpg,4,38,9
clock_00677.jpg,6,51,41
clock_00678.jpg,9,50,7
clock_00679.jpg,4,38,21
clock_00680.jpg,6,10,9
clock_00681.jpg,6,13,46
clock_00682.jpg,4,5,59
clock_00683.jpg,8,15,6
clock_00684.jpg,0,40,19
clock_00685.jpg,5,42,51
clock_00686.jpg,11,50,37
clock_00687.jpg,4,11,47
clock_00688.jpg,5,5,27
clock_00689.jpg,1,9,40
clock_00690.jpg,10,47,46
clock_00691.jpg,4,52,39
clock_00692.jpg,11,34,37
clock_00693.jpg,8,49,36
clock_00694.jpg,4,40,33
clock_00695.jpg,6,21,25
clock_00696.jpg,2,22,5
clock_00697.jpg,7,41,48
clock_00698.jpg,5,52,36
clock_00699.jpg,6,34,8
clock_00700.jpg,8,21,20
clock_00701.jpg,11,17,5
clock_00702.jpg,1,57,21
clock_00703.jpg,8,51,31
clock_00704.jpg,9,42,34
clock_00705.jpg,2,32,26
clock_00706.jpg,3,20,49
clock_00707.jpg,10,8,15
clock_00708.jpg,2,17,16
clock_00709.jpg,7,3,1
clock_00710.jpg,6,1,40
clock_00711.jpg,8,7,38
clock_00712.jpg,7,26,8
clock_00713.jpg,5,29,17
clock_00714.jpg,9,25,54
clock_00715.jpg,1,6,26
clock_00716.jpg,2,22,6
clock_00717.jpg,6,5,26
clock_00718.jpg,8,5,18
clock_00719.jpg,10,11,13
clock_00720.jpg,5,3,4
clock_00721.jpg,4,27,11
clock_00722.jpg,11,37,23
clock_00723.jpg,1,23,44
clock_00724.jpg,4,41,18
clock_00725.jpg,10,7,24
clock_00726.jpg,10,25,12
clock_00727.jpg,9,41,14
clock_00728.jpg,7,16,24
clock_00729.jpg,4,19,33
clock_00730.jpg,4,3,39
clock_00731.jpg,8,15,27
clock_00732.jpg,11,8,46
clock_00733.jpg,8,28,49
clock_00734.jpg,10,31,50
clock_00735.jpg,1,27,9
clock_00736.jpg,2,32,5
clock_00737.jpg,11,11,36
clock_00738.jpg,3,53,30
clock_00739.jpg,9,27,25
clock_00740.jpg,6,15,20
clock_00741.jpg,6,37,6
clock_00742.jpg,3,26,46
clock_00743.jpg,10,9,23
clock_00744.jpg,4,34,56
clock_00745.jpg,8,44,32
clock_00746.jpg,7,40,48
clock_00747.jpg,1,35,10
clock_00748.jpg,3,36,30
clock_00749.jpg,9,17,13
clock_00750.jpg,7,44,50
clock_00751.jpg,0,8,9
clock_00752.jpg,5,51,24
clock_00753.jpg,5,41,59
clock_00754.jpg,2,49,59
clock_00755.jpg,3,23,56
clock_00756.jpg,5,2,48
clock_00757.jpg,5,43,46
clock_00758.jpg,11,31,22
clock_00759.jpg,5,21,19
clock_00760.jpg,1,54,2
clock_00761.jpg,1,12,44
clock_00762.jpg,6,39,22
clock_00763.jpg,7,31,46
clock_00764.jpg,1,23,29
clock_00765.jpg,2,8,51
clock_00766.jpg,3,15,55
clock_00767.jpg,6,12,37
clock_00768.jpg,7,26,12
clock_00769.jpg,2,4,23
clock_00770.jpg,2,6,52
clock_00771.jpg,0,33,41
clock_00772.jpg,2,28,56
clock_00773.jpg,9,16,4
clock_00774.jpg,5,18,40
clock_00775.jpg,4,33,1
clock_00776.jpg,11,48,40
clock_00777.jpg,1,34,36
clock_00778.jpg,3,52,39
clock_00779.jpg,10,29,34
clock_00780.jpg,11,36,15
clock_00781.jpg,6,30,56
clock_00782.jpg,9,52,48
clock_00783.jpg,11,55,39
clock_00784.jpg,7,4,23
clock_00785.jpg,9,44,7
clock_00786.jpg,0,14,11
clock_00787.jpg,0,22,0
clock_00788.jpg,6,36,33
clock_00789.jpg,11,37,24
clock_00790.jpg,3,32,44
clock_00791.jpg,0,36,36
clock_00792.jpg,8,50,14
clock_00793.jpg,9,42,40
clock_00794.jpg,2,53,53
clock_00795.jpg,8,13,23
clock_00796.jpg,9,59,54
clock_00797.jpg,4,5,2
clock_00798.jpg,2,39,36
clock_00799.jpg,6,24,24
clock_00800.jpg,1,45,12
clock_00801.jpg,1,48,29
clock_00802.jpg,6,36,44
clock_00803.jpg,11,29,3
clock_00804.jpg,9,51,11
clock_00805.jpg,9,20,7
clock_00806.jpg,7,15,33
clock_00807.jpg,10,10,10
clock_00808.jpg,10,53,43
clock_00809.jpg,8,50,45
clock_00810.jpg,10,5,49
clock_00811.jpg,1,59,16
clock_00812.jpg,2,3,24
clock_00813.jpg,11,55,21
clock_00814.jpg,11,3,9
clock_00815.jpg,3,24,12
clock_00816.jpg,6,15,9
clock_00817.jpg,2,26,50
clock_00818.jpg,2,47,55
clock_00819.jpg,3,28,15
clock_00820.jpg,5,49,44
clock_00821.jpg,3,7,54
clock_00822.jpg,11,7,13
clock_00823.jpg,9,25,35
clock_00824.jpg,10,8,32
clock_00825.jpg,0,22,42
clock_00826.jpg,3,42,11
clock_00827.jpg,3,24,27
clock_00828.jpg,4,34,22
clock_00829.jpg,10,4,41
clock_00830.jpg,7,52,47
clock_00831.jpg,1,7,21
clock_00832.jpg,6,47,59
clock_00833.jpg,6,17,46
clock_00834.jpg,10,33,19
clock_00835.jpg,6,27,23
clock_00836.jpg,2,20,27
clock_00837.jpg,10,34,50
clock_00838.jpg,0,15,14
clock_00839.jpg,1,22,20
clock_00840.jpg,5,6,16
clock_00841.jpg,5,34,20
clock_00842.jpg,6,48,5
clock_00843.jpg,10,25,48
clock_00844.jpg,2,44,56
clock_00845.jpg,2,19,15
clock_00846.jpg,4,29,54
clock_00847.jpg,4,36,15
clock_00848.jpg,1,37,3
clock_00849.jpg,3,45,24
clock_00850.jpg,1,56,15
clock_00851.jpg,2,32,14
clock_00852.jpg,10,3,27
clock_00853.jpg,0,21,5
clock_00854.jpg,8,28,1
clock_00855.jpg,0,5,39
clock_00856.jpg,7,6,26
clock_00857.jpg,4,55,49
clock_00858.jpg,6,21,15
clock_00859.jpg,9,20,39
clock_00860.jpg,9,47,18
clock_00861.jpg,6,13,10
clock_00862.jpg,11,6,33
clock_00863.jpg,9,6,4
clock_00864.jpg,3,23,51
clock_00865.jpg,7,3,17
clock_00866.jpg,11,38,10
clock_00867.jpg,11,28,57
clock_00868.jpg,10,53,0
clock_00869.jpg,9,31,28
clock_00870.jpg,4,0,10
clock_00871.jpg,0,13,53
clock_00872.jpg,0,36,27
clock_00873.jpg,0,45,40
clock_00874.jpg,4,42,33
clock_00875.jpg,9,15,3
clock_00876.jpg,1,7,37
clock_00877.jpg,1,48,14
clock_00878.jpg,2,49,31
clock_00879.jpg,6,12,39
clock_00880.jpg,10,10,10
clock_00881.jpg,7,57,41
clock_00882.jpg,11,45,44
clock_00883.jpg,6,41,4
clock_00884.jpg,6,4,50
clock_00885.jpg,10,32,13
clock_00886.jpg,2,3,24
clock_00887.jpg,4,46,7
clock_00888.jpg,4,45,40
clock_00889.jpg,11,32,37
clock_00890.jpg,10,20,17
clock_00891.jpg,10,1,56
clock_00892.jpg,4,24,13
clock_00893.jpg,3,11,29
clock_00894.jpg,0,32,52
clock_00895.jpg,5,38,12
clock_00896.jpg,2,37,50
clock_00897.jpg,0,13,43
clock_00898.jpg,8,40,42
clock_00899.jpg,8,56,52
clock_00900.jpg,10,57,32
clock_00901.jpg,8,14,42
clock_00902.jpg,10,14,4
clock_00903.jpg,2,30,51
clock_00904.jpg,8,4,31
clock_00905.jpg,10,7,46
clock_00906.jpg,0,24,5
clock_00907.jpg,2,49,42
clock_00908.jpg,0,18,37
clock_00909.jpg,2,47,48
clock_00910.jpg,5,37,54
clock_00911.jpg,5,8,31
clock_00912.jpg,1,14,18
clock_00913.jpg,10,16,9
clock_00914.jpg,7,5,9
clock_00915.jpg,6,6,19
clock_00916.jpg,8,27,6
clock_00917.jpg,4,57,4
clock_00918.jpg,4,48,10
clock_00919.jpg,3,9,17
clock_00920.jpg,1,55,2
clock_00921.jpg,3,59,46
clock_00922.jpg,4,59,26
clock_00923.jpg,5,34,29
clock_00924.jpg,8,5,16
clock_00925.jpg,9,4,19
clock_00926.jpg,2,43,18
clock_00927.jpg,8,56,16
clock_00928.jpg,10,54,17
clock_00929.jpg,6,22,34
clock_00930.jpg,6,38,44
clock_00931.jpg,11,37,41
clock_00932.jpg,5,54,53
clock_00933.jpg,3,50,42
clock_00934.jpg,5,10,25
clock_00935.jpg,5,38,17
clock_00936.jpg,5,50,36
clock_00937.jpg,4,29,46
clock_00938.jpg,11,2,38
clock_00939.jpg,8,25,18
clock_00940.jpg,10,10,51
clock_00941.jpg,4,46,16
clock_00942.jpg,0,33,54
clock_00943.jpg,7,42,0
clock_00944.jpg,10,29,31
clock_00945.jpg,7,6,34
clock_00946.jpg,6,24,32
clock_00947.jpg,5,6,27
clock_00948.jpg,4,8,51
clock_00949.jpg,8,6,57
clock_00950.jpg,1,6,34
clock_00951.jpg,0,40,19
clock_00952.jpg,6,33,21
clock_00953.jpg,9,41,14
clock_00954.jpg,9,54,30
clock_00955.jpg,2,11,52
clock_00956.jpg,7,56,54
clock_00957.jpg,4,45,14
clock_00958.jpg,5,6,19
clock_00959.jpg,4,56,13
clock_00960.jpg,0,40,49
clock_00961.jpg,0,59,37
clock_00962.jpg,4,55,1
clock_00963.jpg,2,18,13
clock_00964.jpg,5,58,54
clock_00965.jpg,5,8,44
clock_00966.jpg,1,21,17
clock_00967.jpg,10,58,16
clock_00968.jpg,0,26,48
clock_00969.jpg,2,12,2
clock_00970.jpg,10,34,13
clock_00971.jpg,7,26,3
clock_00972.jpg,3,1,36
clock_00973.jpg,10,33,8
clock_00974.jpg,10,32,24
clock_00975.jpg,2,3,39
clock_00976.jpg,10,34,57
clock_00977.jpg,0,28,40
clock_00978.jpg,9,58,10
clock_00979.jpg,2,58,41
clock_00980.jpg,5,9,12
clock_00981.jpg,9,25,8
clock_00982.jpg,8,39,46
clock_00983.jpg,11,35,55
clock_00984.jpg,5,6,37
clock_00985.jpg,4,38,43
clock_00986.jpg,4,42,12
clock_00987.jpg,9,56,29
clock_00988.jpg,8,29,30
clock_00989.jpg,1,35,56
clock_00990.jpg,11,55,51
clock_00991.jpg,7,32,26
clock_00992.jpg,4,57,26
clock_00993.jpg,9,26,46
clock_00994.jpg,7,46,41
clock_00995.jpg,1,55,8
clock_00996.jpg,7,32,9
clock_00997.jpg,3,28,26
clock_00998.jpg,7,43,34
clock_00999.jpg,7,27,7
clock_01000.jpg,10,47,24
clock_01001.jpg,9,7,59
clock_01002.jpg,6,17,7
clock_01003.jpg,3,22,54
clock_01004.jpg,5,30,10
clock_01005.jpg,9,28,26
clock_01006.jpg,4,35,54
clock_01007.jpg,2,8,22
clock_01008.jpg,4,46,57
clock_01009.jpg,8,10,48
clock_01010.jpg,2,52,50
clock_01011.jpg,4,58,22
clock_01012.jpg,0,37,21
clock_01013.jpg,3,43,13
clock_01014.jpg,2,6,5
clock_01015.jpg,8,53,17
clock_01016.jpg,1,46,23
clock_01017.jpg,7,36,25
clock_01018.jpg,1,9,38
clock_01019.jpg,0,8,37
clock_01020.jpg,2,14,15
clock_01021.jpg,7,0,44
clock_01022.jpg,1,7,20
clock_01023.jpg,11,28,22
clock_01024.jpg,6,25,36
clock_01025.jpg,2,29,1
clock_01026.jpg,10,9,36
clock_01027.jpg,11,2,16
clock_01028.jpg,5,38,41
clock_01029.jpg,2,12,15
clock_01030.jpg,4,1,42
clock_01031.jpg,9,29,18
clock_01032.jpg,4,9,37
clock_01033.jpg,5,44,19
clock_01034.jpg,1,55,13
clock_01035.jpg,1,38,17
clock_01036.jpg,5,30,34
clock_01037.jpg,0,24,58
clock_01038.jpg,6,32,52
clock_01039.jpg,8,40,19
clock_01040.jpg,6,59,17
clock_01041.jpg,9,7,18
clock_01042.jpg,10,37,43
clock_01043.jpg,6,45,30
clock_01044.jpg,4,41,25
clock_01045.jpg,8,36,21
clock_01046.jpg,5,22,43
clock_01047.jpg,5,44,34
clock_01048.jpg,7,53,11
clock_01049.jpg,9,53,46
clock_01050.jpg,10,21,33
clock_01051.jpg,11,40,25
clock_01052.jpg,8,36,12
clock_01053.jpg,7,41,16
clock_01054.jpg,4,24,29
clock_01055.jpg,11,49,59
clock_01056.jpg,0,20,34
clock_01057.jpg,8,5,17
clock_01058.jpg,3,52,11
clock_01059.jpg,8,13,32
clock_01060.jpg,7,57,8
clock_01061.jpg,9,17,48
clock_01062.jpg,8,34,8
clock_01063.jpg,3,50,47
clock_01064.jpg,2,42,3
clock_01065.jpg,11,24,18
clock_01066.jpg,9,16,15
clock_01067.jpg,6,17,19
clock_01068.jpg,4,5,48
clock_01069.jpg,0,19,14
clock_01070.jpg,5,53,41
clock_01071.jpg,3,10,27
clock_01072.jpg,5,44,53
clock_01073.jpg,2,31,36
clock_01074.jpg,11,28,43
clock_01075.jpg,10,31,43
clock_01076.jpg,3,53,54
clock_01077.jpg,1,15,18
clock_01078.jpg,4,4,13
clock_01079.jpg,7,33,14
clock_01080.jpg,8,54,48
clock_01081.jpg,4,30,15
clock_01082.jpg,8,42,32
clock_01083.jpg,8,48,48
clock_01084.jpg,5,47,57
clock_01085.jpg,5,21,38
clock_01086.jpg,0,39,27
clock_01087.jpg,5,31,30
clock_01088.jpg,9,53,39
clock_01089.jpg,4,29,58
clock_01090.jpg,10,16,28
clock_01091.jpg,7,24,21
clock_01092.jpg,9,56,37
clock_01093.jpg,9,35,22
clock_01094.jpg,1,59,58
clock_01095.jpg,11,31,25
clock_01096.jpg,10,45,1
clock_01097.jpg,9,9,33
clock_01098.jpg,11,1,47
clock_01099.jpg,6,5,16
clock_01100.jpg,1,57,53
clock_01101.jpg,7,4,8
clock_01102.jpg,2,24,30
clock_01103.jpg,6,38,56
clock_01104.jpg,3,39,0
clock_01105.jpg,0,21,18
clock_01106.jpg,7,43,40
clock_01107.jpg,1,53,21
clock_01108.jpg,4,46,33
clock_01109.jpg,3,23,18
clock_01110.jpg,11,42,11
clock_01111.jpg,4,47,36
clock_01112.jpg,5,11,44
clock_01113.jpg,6,1,51
clock_01114.jpg,3,3,42
clock_01115.jpg,8,5,33
clock_01116.jpg,6,40,8
clock_01117.jpg,11,31,57
clock_01118.jpg,5,25,40
clock_01119.jpg,9,20,24
clock_01120.jpg,11,9,6
clock_01121.jpg,10,54,12
clock_01122.jpg,6,32,32
clock_01123.jpg,5,40,34
clock_01124.jpg,1,37,24
clock_01125.jpg,8,23,43
clock_01126.jpg,1,54,48
clock_01127.jpg,7,40,27
clock_01128.jpg,8,10,42
clock_01129.jpg,10,30,45
clock_01130.jpg,6,43,8
clock_01131.jpg,11,50,10
clock_01132.jpg,7,59,1
clock_01133.jpg,1,46,15
clock_01134.jpg,3,41,48
clock_01135.jpg,6,36,29
clock_01136.jpg,9,38,46
clock_01137.jpg,8,49,42
clock_01138.jpg,8,2,26
clock_01139.jpg,4,57,13
clock_01140.jpg,0,13,28
clock_01141.jpg,3,22,59
clock_01142.jpg,10,40,38
clock_01143.jpg,2,30,19
clock_01144.jpg,2,25,0
clock_01145.jpg,4,40,37
clock_01146.jpg,7,39,51
clock_01147.jpg,5,11,48
clock_01148.jpg,3,13,39
clock_01149.jpg,9,58,33
clock_01150.jpg,0,12,4
clock_01151.jpg,5,24,19
clock_01152.jpg,4,39,4
clock_01153.jpg,2,6,40
clock_01154.jpg,2,55,5
clock_01155.jpg,11,2,38
clock_01156.jpg,3,13,58
clock_01157.jpg,11,18,50
clock_01158.jpg,0,13,55
clock_01159.jpg,7,48,5
clock_01160.jpg,3,29,10
clock_01161.jpg,1,44,53
clock_01162.jpg,11,4,52
clock_01163.jpg,3,2,20
clock_01164.jpg,3,11,27
clock_01165.jpg,1,49,8
clock_01166.jpg,5,37,6
clock_01167.jpg,1,9,36
clock_01168.jpg,6,41,21
clock_01169.jpg,0,52,59
clock_01170.jpg,3,11,24
clock_01171.jpg,3,56,28
clock_01172.jpg,5,19,12
clock_01173.jpg,10,11,34
clock_01174.jpg,10,10,2
clock_01175.jpg,7,31,43
clock_01176.jpg,0,6,5
clock_01177.jpg,4,55,51
clock_01178.jpg,4,33,25
clock_01179.jpg,0,30,22
clock_01180.jpg,4,40,23
clock_01181.jpg,6,1,5
clock_01182.jpg,8,37,54
clock_01183.jpg,8,46,44
clock_01184.jpg,6,44,55
clock_01185.jpg,6,33,45
clock_01186.jpg,0,45,17
clock_01187.jpg,2,58,41
clock_01188.jpg,7,46,40
clock_01189.jpg,6,13,26
clock_01190.jpg,9,27,39
clock_01191.jpg,10,46,12
clock_01192.jpg,3,44,17
clock_01193.jpg,9,57,14
clock_01194.jpg,3,7,45
clock_01195.jpg,6,32,13
clock_01196.jpg,0,44,12
clock_01197.jpg,2,27,51
clock_01198.jpg,10,4,48
clock_01199.jpg,0,12,23
clock_01200.jpg,10,50,23
clock_01201.jpg,3,5,43
clock_01202.jpg,10,1,2
clock_01203.jpg,5,37,59
clock_01204.jpg,8,10,51
clock_01205.jpg,0,20,26
clock_01206.jpg,3,57,24
clock_01207.jpg,11,8,55
clock_01208.jpg,4,39,32
clock_01209.jpg,5,40,11
clock_01210.jpg,11,11,55
clock_01211.jpg,5,7,22
clock_01212.jpg,6,35,59
clock_01213.jpg,10,5,26
clock_01214.jpg,1,13,37
clock_01215.jpg,7,4,23
clock_01216.jpg,8,7,15
clock_01217.jpg,0,36,16
clock_01218.jpg,11,16,53
clock_01219.jpg,11,44,59
clock_01220.jpg,5,6,53
clock_01221.jpg,1,19,44
clock_01222.jpg,6,9,16
clock_01223.jpg,5,25,11
clock_01224.jpg,9,24,33
clock_01225.jpg,11,19,28
clock_01226.jpg,10,47,56
clock_01227.jpg,10,18,29
clock_01228.jpg,1,16,46
clock_01229.jpg,2,58,35
clock_01230.jpg,1,19,27
clock_01231.jpg,11,41,27
clock_01232.jpg,7,19,19
clock_01233.jpg,8,26,6
clock_01234.jpg,0,57,7
clock_01235.jpg,9,51,31
clock_01236.jpg,7,33,43
clock_01237.jpg,0,47,30
clock_01238.jpg,4,5,35
clock_01239.jpg,8,54,11
clock_01240.jpg,6,25,19
clock_01241.jpg,3,1,32
clock_01242.jpg,9,25,57
clock_01243.jpg,3,25,2
clock_01244.jpg,4,56,38
clock_01245.jpg,9,45,27
clock_01246.jpg,7,26,28
clock_01247.jpg,6,58,4
clock_01248.jpg,5,35,30
clock_01249.jpg,5,45,31
clock_01250.jpg,9,48,22
clock_01251.jpg,1,42,27
clock_01252.jpg,0,40,44
clock_01253.jpg,1,35,24
clock_01254.jpg,2,44,22
clock_01255.jpg,0,24,54
clock_01256.jpg,11,10,19
clock_01257.jpg,9,53,12
clock_01258.jpg,11,45,42
clock_01259.jpg,6,53,1
clock_01260.jpg,11,32,24
clock_01261.jpg,0,17,38
clock_01262.jpg,3,29,49
clock_01263.jpg,4,3,35
clock_01264.jpg,0,44,6
clock_01265.jpg,7,33,7
clock_01266.jpg,6,1,20
clock_01267.jpg,0,9,8
clock_01268.jpg,5,51,32
clock_01269.jpg,4,54,28
clock_01270.jpg,2,18,13
clock_01271.jpg,5,17,42
clock_01272.jpg,9,48,45
clock_01273.jpg,0,28,7
clock_01274.jpg,8,27,7
clock_01275.jpg,6,36,42
clock_01276.jpg,5,49,35
clock_01277.jpg,4,5,25
clock_01278.jpg,6,47,5
clock_01279.jpg,9,49,0
clock_01280.jpg,0,9,31
clock_01281.jpg,3,13,24
clock_01282.jpg,4,54,52
clock_01283.jpg,1,18,19
clock_01284.jpg,11,47,36
clock_01285.jpg,1,0,20
clock_01286.jpg,7,24,5
clock_01287.jpg,4,52,24
clock_01288.jpg,1,55,56
clock_01289.jpg,3,47,21
clock_01290.jpg,3,50,8
clock_01291.jpg,2,21,22
clock_01292.jpg,11,28,36
clock_01293.jpg,1,45,43
clock_01294.jpg,1,14,23
clock_01295.jpg,11,5,48
clock_01296.jpg,8,44,21
clock_01297.jpg,3,45,44
clock_01298.jpg,2,50,1
clock_01299.jpg,0,46,24
clock_01300.jpg,10,42,2
clock_01301.jpg,10,8,2
clock_01302.jpg,3,51,33
clock_01303.jpg,4,55,53
clock_01304.jpg,6,8,14
clock_01305.jpg,2,5,13
clock_01306.jpg,1,6,54
clock_01307.jpg,7,55,43
clock_01308.jpg,10,6,28
clock_01309.jpg,6,16,31
clock_01310.jpg,7,22,27
clock_01311.jpg,6,20,28
clock_01312.jpg,10,13,9
clock_01313.jpg,1,18,35
clock_01314.jpg,5,0,29
clock_01315.jpg,3,12,5
clock_01316.jpg,8,29,13
clock_01317.jpg,8,53,45
clock_01318.jpg,2,53,9
clock_01319.jpg,3,5,31
clock_01320.jpg,2,22,36
clock_01321.jpg,3,37,57
clock_01322.jpg,6,35,30
clock_01323.jpg,3,9,32
clock_01324.jpg,8,16,35
clock_01325.jpg,6,7,51
clock_01326.jpg,2,45,18
clock_01327.jpg,5,5,20
clock_01328.jpg,8,45,37
clock_01329.jpg,10,24,54
clock_01330.jpg,6,19,0
clock_01331.jpg,3,0,19
clock_01332.jpg,5,8,50
clock_01333.jpg,0,57,14
clock_01334.jpg,11,15,21
clock_01335.jpg,1,18,53
clock_01336.jpg,0,32,3
clock_01337.jpg,4,57,23
clock_01338.jpg,1,34,41
clock_01339.jpg,8,34,52
clock_01340.jpg,5,0,45
clock_01341.jpg,2,5,43
clock_01342.jpg,0,47,17
clock_01343.jpg,4,50,49
clock_01344.jpg,5,9,59
clock_01345.jpg,10,38,44
clock_01346.jpg,1,52,49
clock_01347.jpg,11,1,7
clock_01348.jpg,4,23,11
clock_01349.jpg,6,30,36
clock_01350.jpg,8,2,39
clock_01351.jpg,10,28,4
clock_01352.jpg,5,25,18
clock_01353.jpg,7,28,26
clock_01354.jpg,3,48,25
clock_01355.jpg,2,45,22
clock_01356.jpg,3,13,29
clock_01357.jpg,11,51,19
clock_01358.jpg,9,47,42
clock_01359.jpg,8,20,30
clock_01360.jpg,10,47,14
clock_01361.jpg,4,52,26
clock_01362.jpg,2,27,48
clock_01363.jpg,6,32,10
clock_01364.jpg,3,27,20
clock_01365.jpg,0,32,17
clock_01366.jpg,9,40,53
clock_01367.jpg,1,59,3
clock_01368.jpg,4,23,45
clock_01369.jpg,9,27,2
clock_01370.jpg,9,55,18
clock_01371.jpg,5,58,6
clock_01372.jpg,7,8,3
clock_01373.jpg,8,25,41
clock_01374.jpg,11,38,49
clock_01375.jpg,2,33,0
clock_01376.jpg,2,30,27
clock_01377.jpg,0,50,14
clock_01378.jpg,4,50,6
clock_01379.jpg,2,47,14
clock_01380.jpg,5,22,23
clock_01381.jpg,6,4,41
clock_01382.jpg,3,45,44
clock_01383.jpg,2,24,34
clock_01384.jpg,4,49,32
clock_01385.jpg,7,50,52
clock_01386.jpg,11,7,42
clock_01387.jpg,9,14,9
clock_01388.jpg,9,2,49
clock_01389.jpg,0,1,29
clock_01390.jpg,5,21,14
clock_01391.jpg,0,14,50
clock_01392.jpg,11,49,37
clock_01393.jpg,4,7,38
clock_01394.jpg,5,56,13
clock_01395.jpg,9,8,50
clock_01396.jpg,5,15,21
clock_01397.jpg,2,32,30
clock_01398.jpg,7,6,43
clock_01399.jpg,11,14,52
clock_01400.jpg,7,29,37
clock_01401.jpg,8,13,57
clock_01402.jpg,1,19,29
clock_01403.jpg,10,38,48
clock_01404.jpg,5,51,12
clock_01405.jpg,2,17,49
clock_01406.jpg,11,6,38
clock_01407.jpg,4,47,31
clock_01408.jpg,10,54,20
clock_01409.jpg,4,8,26
clock_01410.jpg,0,38,32
clock_01411.jpg,6,6,4
clock_01412.jpg,2,11,1
clock_01413.jpg,6,57,13
clock_01414.jpg,0,37,21
clock_01415.jpg,4,16,0
clock_01416.jpg,11,49,28
clock_01417.jpg,6,48,36
clock_01418.jpg,3,17,5
clock_01419.jpg,6,29,57
clock_01420.jpg,5,50,28
clock_01421.jpg,7,4,6
clock_01422.jpg,1,28,34
clock_01423.jpg,6,14,42
clock_01424.jpg,5,9,24
clock_01425.jpg,4,31,27
clock_01426.jpg,10,6,52
clock_01427.jpg,9,37,14
clock_01428.jpg,3,58,10
clock_01429.jpg,6,41,28
clock_01430.jpg,11,52,24
clock_01431.jpg,5,13,25
clock_01432.jpg,9,9,4
clock_01433.jpg,4,8,19
clock_01434.jpg,11,14,36
clock_01435.jpg,4,15,6
clock_01436.jpg,8,47,1
clock_01437.jpg,6,18,19
clock_01438.jpg,8,46,5
clock_01439.jpg,0,57,35
clock_01440.jpg,9,40,47
clock_01441.jpg,3,33,21
clock_01442.jpg,11,27,28
clock_01443.jpg,9,43,18
clock_01444.jpg,9,32,24
clock_01445.jpg,2,42,19
clock_01446.jpg,10,2,33
clock_01447.jpg,11,39,38
clock_01448.jpg,3,56,52
clock_01449.jpg,11,36,35
clock_01450.jpg,10,39,22
clock_01451.jpg,3,40,44
clock_01452.jpg,5,13,14
clock_01453.jpg,8,7,7
clock_01454.jpg,2,22,51
clock_01455.jpg,4,36,28
clock_01456.jpg,6,16,24
clock_01457.jpg,5,2,15
clock_01458.jpg,1,48,13
clock_01459.jpg,5,28,20
clock_01460.jpg,8,23,37
clock_01461.jpg,7,47,28
clock_01462.jpg,9,0,0
clock_01463.jpg,8,12,20
clock_01464.jpg,5,55,57
clock_01465.jpg,2,8,16
clock_01466.jpg,11,44,38
clock_01467.jpg,4,44,53
clock_01468.jpg,1,51,7
clock_01469.jpg,6,48,57
clock_01470.jpg,4,29,19
clock_01471.jpg,4,34,7
clock_01472.jpg,11,23,43
clock_01473.jpg,11,14,58
clock_01474.jpg,6,37,42
clock_01475.jpg,0,52,54
clock_01476.jpg,6,2,37
clock_01477.jpg,3,42,5
clock_01478.jpg,2,49,0
clock_01479.jpg,10,8,51
clock_01480.jpg,10,32,4
clock_01481.jpg,0,26,19
clock_01482.jpg,7,30,13
clock_01483.jpg,5,47,1
clock_01484.jpg,11,19,1
clock_01485.jpg,4,40,42
clock_01486.jpg,0,26,22
clock_01487.jpg,8,3,0
clock_01488.jpg,4,23,55
clock_01489.jpg,8,0,16
clock_01490.jpg,11,28,46
clock_01491.jpg,6,46,37
clock_01492.jpg,11,2,14
clock_01493.jpg,2,57,31
clock_01494.jpg,9,38,33
clock_01495.jpg,6,29,0
clock_01496.jpg,11,33,55
clock_01497.jpg,2,5,51
clock_01498.jpg,1,10,31
clock_01499.jpg,6,7,25
clock_01500.jpg,7,49,24
clock_01501.jpg,3,46,25
clock_01502.jpg,8,22,52
clock_01503.jpg,11,13,11
clock_01504.jpg,2,26,17
clock_01505.jpg,4,44,3
clock_01506.jpg,6,45,58
clock_01507.jpg,11,28,54
clock_01508.jpg,10,9,15
clock_01509.jpg,6,36,31
clock_01510.jpg,7,14,22
clock_01511.jpg,8,26,1
clock_01512.jpg,8,35,23
clock_01513.jpg,3,7,22
clock_01514.jpg,4,39,47
clock_01515.jpg,6,10,16
clock_01516.jpg,4,51,14
clock_01517.jpg,0,59,17
clock_01518.jpg,0,55,52
clock_01519.jpg,9,34,8
clock_01520.jpg,6,53,51
clock_01521.jpg,11,11,45
clock_01522.jpg,0,48,38
clock_01523.jpg,9,51,8
clock_01524.jpg,5,14,3
clock_01525.jpg,11,13,39
clock_01526.jpg,4,22,24
clock_01527.jpg,9,13,43
clock_01528.jpg,1,35,6
clock_01529.jpg,8,13,55
clock_01530.jpg,8,35,11
clock_01531.jpg,8,27,49
clock_01532.jpg,9,28,27
clock_01533.jpg,9,0,8
clock_01534.jpg,4,43,33
clock_01535.jpg,9,19,29
clock_01536.jpg,1,43,2
clock_01537.jpg,8,9,15
clock_01538.jpg,4,58,6
clock_01539.jpg,8,15,3
clock_01540.jpg,8,16,41
clock_01541.jpg,4,18,7
clock_01542.jpg,0,59,18
clock_01543.jpg,11,33,4
clock_01544.jpg,11,49,15
clock_01545.jpg,8,9,41
clock_01546.jpg,2,32,49
clock_01547.jpg,0,41,31
clock_01548.jpg,3,28,22
clock_01549.jpg,3,6,30
clock_01550.jpg,5,16,0
clock_01551.jpg,3,54,23
clock_01552.jpg,6,9,4
clock_01553.jpg,2,14,2
clock_01554.jpg,2,0,23
clock_01555.jpg,3,22,16
clock_01556.jpg,5,45,21
clock_01557.jpg,9,59,25
clock_01558.jpg,5,39,1
clock_01559.jpg,1,52,3
clock_01560.jpg,3,19,48
clock_01561.jpg,7,50,57
clock_01562.jpg,9,4,33
clock_01563.jpg,8,14,52
clock_01564.jpg,1,41,37
clock_01565.jpg,4,20,57
clock_01566.jpg,3,5,55
clock_01567.jpg,9,48,58
clock_01568.jpg,2,50,8
clock_01569.jpg,10,38,21
clock_01570.jpg,3,9,27
clock_01571.jpg,11,57,53
clock_01572.jpg,11,9,57
clock_01573.jpg,2,7,21
clock_01574.jpg,8,47,23
clock_01575.jpg,3,49,27
clock_01576.jpg,6,14,30
clock_01577.jpg,5,28,9
clock_01578.jpg,2,2,58
clock_01579.jpg,0,0,50
clock_01580.jpg,3,58,48
clock_01581.jpg,11,21,39
clock_01582.jpg,2,7,11
clock_01583.jpg,6,10,41
clock_01584.jpg,0,45,8
clock_01585.jpg,8,31,31
clock_01586.jpg,9,58,43
clock_01587.jpg,8,22,16
clock_01588.jpg,2,26,10
clock_01589.jpg,4,8,12
clock_01590.jpg,3,18,3
clock_01591.jpg,3,44,32
clock_01592.jpg,0,5,47
clock_01593.jpg,10,58,57
clock_01594.jpg,2,10,50
clock_01595.jpg,6,26,33
clock_01596.jpg,4,29,0
clock_01597.jpg,4,50,19
clock_01598.jpg,10,3,52
clock_01599.jpg,2,46,33
clock_01600.jpg,4,12,1
clock_01601.jpg,9,39,49
clock_01602.jpg,7,52,26
clock_01603.jpg,5,46,18
clock_01604.jpg,10,47,11
clock_01605.jpg,4,21,20
clock_01606.jpg,8,15,55
clock_01607.jpg,1,8,33
clock_01608.jpg,11,18,37
clock_01609.jpg,11,27,39
clock_01610.jpg,3,39,42
clock_01611.jpg,3,48,24
clock_01612.jpg,10,19,20
clock_01613.jpg,0,7,18
clock_01614.jpg,2,42,0
clock_01615.jpg,4,59,3
clock_01616.jpg,8,24,29
clock_01617.jpg,2,14,0
clock_01618.jpg,10,55,20
clock_01619.jpg,9,49,25
clock_01620.jpg,7,50,4
clock_01621.jpg,4,15,7
clock_01622.jpg,4,52,46
clock_01623.jpg,0,30,9
clock_01624.jpg,7,18,16
clock_01625.jpg,4,17,41
clock_01626.jpg,11,17,41
clock_01627.jpg,3,46,24
clock_01628.jpg,0,55,38
clock_01629.jpg,1,36,27
clock_01630.jpg,3,34,19
clock_01631.jpg,3,30,57
clock_01632.jpg,8,53,6
clock_01633.jpg,6,50,59
clock_01634.jpg,8,11,33
clock_01635.jpg,0,52,19
clock_01636.jpg,7,30,23
clock_01637.jpg,3,27,27
clock_01638.jpg,1,44,47
clock_01639.jpg,7,0,3
clock_01640.jpg,0,47,50
clock_01641.jpg,2,51,21
clock_01642.jpg,5,55,12
clock_01643.jpg,0,50,37
clock_01644.jpg,0,27,2
clock_01645.jpg,6,31,45
clock_01646.jpg,9,26,21
clock_01647.jpg,3,28,50
clock_01648.jpg,6,31,44
clock_01649.jpg,3,5,40
clock_01650.jpg,7,10,1
clock_01651.jpg,10,55,27
clock_01652.jpg,0,17,24
clock_01653.jpg,3,4,28
clock_01654.jpg,4,54,0
clock_01655.jpg,0,31,51
clock_01656.jpg,10,29,58
clock_01657.jpg,0,58,24
clock_01658.jpg,2,2,57
clock_01659.jpg,4,21,23
clock_01660.jpg,4,4,45
clock_01661.jpg,1,58,54
clock_01662.jpg,0,35,2
clock_01663.jpg,8,18,5
clock_01664.jpg,4,9,4
clock_01665.jpg,2,19,35
clock_01666.jpg,4,30,14
clock_01667.jpg,3,9,24
clock_01668.jpg,9,21,3
clock_01669.jpg,0,57,12
clock_01670.jpg,6,6,37
clock_01671.jpg,9,47,28
clock_01672.jpg,3,52,59
clock_01673.jpg,2,12,4
clock_01674.jpg,3,12,33
clock_01675.jpg,0,6,48
clock_01676.jpg,8,11,4
clock_01677.jpg,9,44,40
clock_01678.jpg,1,1,23
clock_01679.jpg,7,16,4
clock_01680.jpg,8,59,52
clock_01681.jpg,11,1,27
clock_01682.jpg,6,54,18
clock_01683.jpg,10,42,50
clock_01684.jpg,8,15,48
clock_01685.jpg,4,45,26
clock_01686.jpg,2,39,36
clock_01687.jpg,7,56,57
clock_01688.jpg,5,5,44
clock_01689.jpg,7,44,54
clock_01690.jpg,6,52,6
clock_01691.jpg,10,11,20
clock_01692.jpg,8,51,53
clock_01693.jpg,10,51,30
clock_01694.jpg,10,48,48
clock_01695.jpg,4,40,3
clock_01696.jpg,10,52,25
clock_01697.jpg,8,5,48
clock_01698.jpg,8,26,56
clock_01699.jpg,0,52,32
clock_01700.jpg,8,33,38
clock_01701.jpg,2,34,41
clock_01702.jpg,7,44,36
clock_01703.jpg,11,20,24
clock_01704.jpg,0,32,13
clock_01705.jpg,4,49,6
clock_01706.jpg,2,48,10
clock_01707.jpg,10,29,8
clock_01708.jpg,3,34,16
clock_01709.jpg,2,0,17
clock_01710.jpg,6,47,38
clock_01711.jpg,3,19,52
clock_01712.jpg,4,11,43
clock_01713.jpg,10,40,51
clock_01714.jpg,4,23,23
clock_01715.jpg,4,8,20
clock_01716.jpg,5,32,19
clock_01717.jpg,4,53,13
clock_01718.jpg,7,26,41
clock_01719.jpg,6,18,9
clock_01720.jpg,11,49,2
clock_01721.jpg,6,3,19
clock_01722.jpg,4,23,49
clock_01723.jpg,1,8,40
clock_01724.jpg,1,58,29
clock_01725.jpg,4,3,43
clock_01726.jpg,1,24,18
clock_01727.jpg,2,57,43
clock_01728.jpg,3,26,0
clock_01729.jpg,10,48,26
clock_01730.jpg,6,37,20
clock_01731.jpg,6,34,27
clock_01732.jpg,11,45,13
clock_01733.jpg,11,29,9
clock_01734.jpg,7,52,5
clock_01735.jpg,5,3,52
clock_01736.jpg,8,41,47
clock_01737.jpg,10,55,16
clock_01738.jpg,4,24,47
clock_01739.jpg,8,31,31
clock_01740.jpg,6,57,44
clock_01741.jpg,1,29,13
clock_01742.jpg,8,35,5
clock_01743.jpg,7,41,23
clock_01744.jpg,1,41,11
clock_01745.jpg,8,33,1
clock_01746.jpg,9,26,23
clock_01747.jpg,8,53,25
clock_01748.jpg,7,59,12
clock_01749.jpg,0,9,22
clock_01750.jpg,5,7,40
clock_01751.jpg,6,54,45
clock_01752.jpg,3,22,15
clock_01753.jpg,5,3,33
clock_01754.jpg,3,15,26
clock_01755.jpg,7,25,52
clock_01756.jpg,5,43,12
clock_01757.jpg,6,57,46
clock_01758.jpg,4,8,58
clock_01759.jpg,0,48,54
clock_01760.jpg,1,18,3
clock_01761.jpg,7,57,9
clock_01762.jpg,5,31,50
clock_01763.jpg,4,3,44
clock_01764.jpg,5,28,22
clock_01765.jpg,7,29,37
clock_01766.jpg,2,30,21
clock_01767.jpg,5,18,53
clock_01768.jpg,10,5,19
clock_01769.jpg,10,27,42
clock_01770.jpg,7,59,14
clock_01771.jpg,11,35,1
clock_01772.jpg,6,56,34
clock_01773.jpg,7,22,1
clock_01774.jpg,1,45,38
clock_01775.jpg,5,23,37
clock_01776.jpg,1,50,35
clock_01777.jpg,1,39,32
clock_01778.jpg,9,17,2
clock_01779.jpg,7,0,29
clock_01780.jpg,8,28,30
clock_01781.jpg,11,54,16
clock_01782.jpg,8,34,13
clock_01783.jpg,6,9,12
clock_01784.jpg,0,59,19
clock_01785.jpg,0,47,1
clock_01786.jpg,0,48,8
clock_01787.jpg,8,53,10
clock_01788.jpg,11,57,14
clock_01789.jpg,7,8,22
clock_01790.jpg,5,47,14
clock_01791.jpg,0,52,58
clock_01792.jpg,3,5,36
clock_01793.jpg,11,44,7
clock_01794.jpg,10,25,31
clock_01795.jpg,4,0,27
clock_01796.jpg,11,27,44
clock_01797.jpg,9,29,36
clock_01798.jpg,9,52,56
clock_01799.jpg,2,22,37
clock_01800.jpg,6,24,39
clock_01801.jpg,9,51,5
clock_01802.jpg,5,9,44
clock_01803.jpg,5,27,11
clock_01804.jpg,3,24,27
clock_01805.jpg,8,7,39
clock_01806.jpg,4,22,26
clock_01807.jpg,6,33,44
clock_01808.jpg,11,0,28
clock_01809.jpg,7,27,20
clock_01810.jpg,6,57,41
clock_01811.jpg,10,35,29
clock_01812.jpg,0,45,57
clock_01813.jpg,10,43,43
clock_01814.jpg,2,41,43
clock_01815.jpg,3,19,24
clock_01816.jpg,10,13,24
clock_01817.jpg,5,2,12
clock_01818.jpg,0,9,17
clock_01819.jpg,2,10,15
clock_01820.jpg,0,38,7
clock_01821.jpg,5,18,38
clock_01822.jpg,6,57,40
clock_01823.jpg,5,16,58
clock_01824.jpg,0,52,25
clock_01825.jpg,8,50,38
clock_01826.jpg,11,58,18
clock_01827.jpg,0,10,36
clock_01828.jpg,3,15,54
clock_01829.jpg,4,11,59
clock_01830.jpg,10,46,11
clock_01831.jpg,10,33,24
clock_01832.jpg,7,44,48
clock_01833.jpg,10,58,21
clock_01834.jpg,9,36,24
clock_01835.jpg,3,7,27
clock_01836.jpg,6,54,9
clock_01837.jpg,2,58,19
clock_01838.jpg,5,16,25
clock_01839.jpg,2,5,36
clock_01840.jpg,10,44,41
clock_01841.jpg,4,22,5
clock_01842.jpg,8,13,35
clock_01843.jpg,1,36,50
clock_01844.jpg,9,20,41
clock_01845.jpg,4,57,32
clock_01846.jpg,5,9,18
clock_01847.jpg,6,19,12
clock_01848.jpg,8,31,24
clock_01849.jpg,4,59,22
clock_01850.jpg,0,34,59
clock_01851.jpg,0,25,34
clock_01852.jpg,6,4,42
clock_01853.jpg,0,49,11
clock_01854.jpg,11,49,38
clock_01855.jpg,4,49,18
clock_01856.jpg,0,30,43
clock_01857.jpg,9,7,56
clock_01858.jpg,8,21,5
clock_01859.jpg,7,27,1
clock_01860.jpg,4,58,34
clock_01861.jpg,1,38,24
clock_01862.jpg,3,55,1
clock_01863.jpg,8,44,1
clock_01864.jpg,0,57,43
clock_01865.jpg,3,25,35
clock_01866.jpg,7,57,58
clock_01867.jpg,5,18,20
clock_01868.jpg,0,51,16
clock_01869.jpg,7,8,1
clock_01870.jpg,7,59,49
clock_01871.jpg,10,44,50
clock_01872.jpg,3,13,18
clock_01873.jpg,5,27,23
clock_01874.jpg,9,44,32
clock_01875.jpg,10,5,16
clock_01876.jpg,10,59,5
clock_01877.jpg,4,13,0
clock_01878.jpg,5,24,34
clock_01879.jpg,8,32,24
clock_01880.jpg,10,16,10
clock_01881.jpg,9,30,50
clock_01882.jpg,8,26,37
clock_01883.jpg,6,51,25
clock_01884.jpg,10,15,12
clock_01885.jpg,6,56,45
clock_01886.jpg,2,13,43
clock_01887.jpg,6,23,33
clock_01888.jpg,7,27,26
clock_01889.jpg,8,55,33
clock_01890.jpg,8,33,20
clock_01891.jpg,3,42,41
clock_01892.jpg,3,2,34
clock_01893.jpg,3,28,59
clock_01894.jpg,8,32,38
clock_01895.jpg,3,30,51
clock_01896.jpg,6,34,9
clock_01897.jpg,6,14,53
clock_01898.jpg,6,22,19
clock_01899.jpg,8,58,55
clock_01900.jpg,9,11,33
clock_01901.jpg,9,17,21
clock_01902.jpg,3,3,53
clock_01903.jpg,8,48,16
clock_01904.jpg,6,47,29
clock_01905.jpg,2,32,6
clock_01906.jpg,7,24,13
clock_01907.jpg,11,33,40
clock_01908.jpg,8,18,7
clock_01909.jpg,1,13,45
clock_01910.jpg,8,21,27
clock_01911.jpg,4,29,12
clock_01912.jpg,2,31,34
clock_01913.jpg,10,28,17
clock_01914.jpg,2,47,7
clock_01915.jpg,11,43,52
clock_01916.jpg,3,30,34
clock_01917.jpg,0,38,1
clock_01918.jpg,9,26,7
clock_01919.jpg,11,18,11
clock_01920.jpg,7,28,59
clock_01921.jpg,7,28,1
clock_01922.jpg,4,46,54
clock_01923.jpg,6,52,25
clock_01924.jpg,4,9,32
clock_01925.jpg,4,53,31
clock_01926.jpg,11,58,39
clock_01927.jpg,9,37,0
clock_01928.jpg,0,2,13
clock_01929.jpg,9,40,9
clock_01930.jpg,10,45,50
clock_01931.jpg,0,15,33
clock_01932.jpg,4,30,27
clock_01933.jpg,5,13,47
clock_01934.jpg,5,39,17
clock_01935.jpg,5,30,36
clock_01936.jpg,11,25,53
clock_01937.jpg,3,27,15
clock_01938.jpg,4,19,41
clock_01939.jpg,11,14,2
clock_01940.jpg,10,26,4
clock_01941.jpg,4,16,21
clock_01942.jpg,2,16,41
clock_01943.jpg,1,58,58
clock_01944.jpg,3,8,5
clock_01945.jpg,7,6,23
clock_01946.jpg,2,10,8
clock_01947.jpg,7,53,35
clock_01948.jpg,9,20,3
clock_01949.jpg,7,17,2
clock_01950.jpg,10,18,48
clock_01951.jpg,10,32,38
clock_01952.jpg,1,25,31
clock_01953.jpg,8,33,56
clock_01954.jpg,2,16,10
clock_01955.jpg,5,25,19
clock_01956.jpg,0,13,3
clock_01957.jpg,1,24,14
clock_01958.jpg,8,12,20
clock_01959.jpg,1,53,46
clock_01960.jpg,3,35,32
clock_01961.jpg,3,32,7
clock_01962.jpg,7,47,13
clock_01963.jpg,2,30,37
clock_01964.jpg,11,1,48
clock_01965.jpg,10,21,39
clock_01966.jpg,5,1,39
clock_01967.jpg,7,59,55
clock_01968.jpg,6,3,47
clock_01969.jpg,11,23,45
clock_01970.jpg,3,16,14
clock_01971.jpg,0,37,23
clock_01972.jpg,11,39,11
clock_01973.jpg,8,13,41
clock_01974.jpg,1,1,44
clock_01975.jpg,8,43,10
clock_01976.jpg,1,17,15
clock_01977.jpg,6,11,52
clock_01978.jpg,5,1,40
clock_01979.jpg,9,16,40
clock_01980.jpg,0,2,36
clock_01981.jpg,1,12,27
clock_01982.jpg,2,20,36
clock_01983.jpg,1,9,4
clock_01984.jpg,9,16,40
clock_01985.jpg,7,1,12
clock_01986.jpg,3,15,6
clock_01987.jpg,6,45,19
clock_01988.jpg,1,15,44
clock_01989.jpg,6,26,0
clock_01990.jpg,7,44,11
clock_01991.jpg,7,8,3
clock_01992.jpg,6,30,44
clock_01993.jpg,11,22,21
clock_01994.jpg,0,51,14
clock_01995.jpg,5,35,1
clock_01996.jpg,1,45,47
clock_01997.jpg,6,49,51
clock_01998.jpg,6,15,39
clock_01999.jpg,5,45,4
clock_02000.jpg,9,50,53
clock_02001.jpg,8,39,58
clock_02002.jpg,9,25,25
clock_02003.jpg,1,7,12
clock_02004.jpg,9,2,9
clock_02005.jpg,7,26,40
clock_02006.jpg,1,58,9
clock_02007.jpg,11,2,16
clock_02008.jpg,10,53,57
clock_02009.jpg,5,23,41
clock_02010.jpg,5,55,15
clock_02011.jpg,10,11,24
clock_02012.jpg,5,40,22
clock_02013.jpg,5,4,51
clock_02014.jpg,8,39,14
clock_02015.jpg,10,12,34
clock_02016.jpg,4,43,10
clock_02017.jpg,2,19,25
clock_02018.jpg,5,31,47
clock_02019.jpg,5,6,40
clock_02020.jpg,10,24,15
clock_02021.jpg,2,58,18
clock_02022.jpg,3,56,9
clock_02023.jpg,5,31,6
clock_02024.jpg,8,20,44
clock_02025.jpg,4,5,14
clock_02026.jpg,2,11,47
clock_02027.jpg,7,21,11
clock_02028.jpg,2,45,4
clock_02029.jpg,6,38,12
clock_02030.jpg,8,22,19
clock_02031.jpg,11,34,21
clock_02032.jpg,3,2,14
clock_02033.jpg,7,14,24
clock_02034.jpg,11,20,49
clock_02035.jpg,2,15,6
clock_02036.jpg,0,32,35
clock_02037.jpg,5,30,9
clock_02038.jpg,4,10,19
clock_02039.jpg,10,11,37
clock_02040.jpg,3,43,36
clock_02041.jpg,8,29,10
clock_02042.jpg,8,48,25
clock_02043.jpg,5,57,20
clock_02044.jpg,7,28,36
clock_02045.jpg,0,43,47
clock_02046.jpg,1,54,31
clock_02047.jpg,7,31,32
clock_02048.jpg,9,7,2
clock_02049.jpg,6,27,16
clock_02050.jpg,8,32,13
clock_02051.jpg,4,47,30
clock_02052.jpg,7,45,58
clock_02053.jpg,3,1,20
clock_02054.jpg,3,43,36
clock_02055.jpg,5,59,45
clock_02056.jpg,3,46,10
clock_02057.jpg,6,42,2
clock_02058.jpg,8,29,35
clock_02059.jpg,10,56,10
clock_02060.jpg,8,9,17
clock_02061.jpg,9,42,32
clock_02062.jpg,7,0,16
clock_02063.jpg,8,18,30
clock_02064.jpg,6,47,47
clock_02065.jpg,4,53,16
clock_02066.jpg,11,2,45
clock_02067.jpg,5,42,35
clock_02068.jpg,6,0,29
clock_02069.jpg,7,19,53
clock_02070.jpg,2,38,38
clock_02071.jpg,0,44,41
clock_02072.jpg,1,4,41
clock_02073.jpg,11,40,32
clock_02074.jpg,7,37,30
clock_02075.jpg,5,54,47
clock_02076.jpg,9,36,46
clock_02077.jpg,2,17,20
clock_02078.jpg,2,18,50
clock_02079.jpg,4,40,47
clock_02080.jpg,10,17,54
clock_02081.jpg,4,59,52
clock_02082.jpg,6,7,16
clock_02083.jpg,5,53,20
clock_02084.jpg,4,22,2
clock_02085.jpg,7,19,5
clock_02086.jpg,10,37,21
clock_02087.jpg,3,55,30
clock_02088.jpg,2,11,43
clock_02089.jpg,11,24,4
clock_02090.jpg,2,49,57
clock_02091.jpg,6,49,40
clock_02092.jpg,5,37,11
clock_02093.jpg,7,43,39
clock_02094.jpg,3,29,37
clock_02095.jpg,9,12,41
clock_02096.jpg,3,10,10
clock_02097.jpg,7,4,12
clock_02098.jpg,6,39,45
clock_02099.jpg,0,43,50
clock_02100.jpg,3,11,53
clock_02101.jpg,8,54,46
clock_02102.jpg,5,28,20
clock_02103.jpg,4,28,16
clock_02104.jpg,9,53,16
clock_02105.jpg,4,57,23
clock_02106.jpg,6,2,19
clock_02107.jpg,6,22,0
clock_02108.jpg,11,53,42
clock_02109.jpg,3,14,7
clock_02110.jpg,5,52,18
clock_02111.jpg,11,16,5
clock_02112.jpg,5,24,44
clock_02113.jpg,8,39,33
clock_02114.jpg,3,29,47
clock_02115.jpg,2,18,38
clock_02116.jpg,2,31,56
clock_02117.jpg,3,56,47
clock_02118.jpg,10,27,0
clock_02119.jpg,3,13,50
clock_02120.jpg,3,24,42
clock_02121.jpg,9,21,3
clock_02122.jpg,3,38,13
clock_02123.jpg,10,34,14
clock_02124.jpg,8,0,37
clock_02125.jpg,10,33,24
clock_02126.jpg,11,13,31
clock_02127.jpg,7,4,9
clock_02128.jpg,10,34,44
clock_02129.jpg,8,49,59
clock_02130.jpg,6,58,26
clock_02131.jpg,7,49,35
clock_02132.jpg,10,33,18
clock_02133.jpg,6,21,45
clock_02134.jpg,10,32,55
clock_02135.jpg,0,42,32
clock_02136.jpg,9,27,57
clock_02137.jpg,9,35,34
clock_02138.jpg,6,6,21
clock_02139.jpg,7,28,30
clock_02140.jpg,1,45,51
clock_02141.jpg,4,22,38
clock_02142.jpg,4,14,40
clock_02143.jpg,5,7,18
clock_02144.jpg,9,56,19
clock_02145.jpg,0,31,0
clock_02146.jpg,11,59,6
clock_02147.jpg,6,9,2
clock_02148.jpg,11,42,38
clock_02149.jpg,7,14,49
clock_02150.jpg,9,40,44
clock_02151.jpg,9,0,29
clock_02152.jpg,7,26,33
clock_02153.jpg,7,44,42
clock_02154.jpg,1,38,19
clock_02155.jpg,3,50,18
clock_02156.jpg,0,36,8
clock_02157.jpg,1,51,42
clock_02158.jpg,10,7,0
clock_02159.jpg,1,21,51
clock_02160.jpg,2,7,56
clock_02161.jpg,4,32,14
clock_02162.jpg,1,15,37
clock_02163.jpg,2,7,50
clock_02164.jpg,8,14,50
clock_02165.jpg,2,37,29
clock_02166.jpg,10,14,39
clock_02167.jpg,3,3,59
clock_02168.jpg,6,21,14
clock_02169.jpg,2,49,38
clock_02170.jpg,7,45,46
clock_02171.jpg,5,0,2
clock_02172.jpg,11,21,15
clock_02173.jpg,9,4,29
clock_02174.jpg,10,39,11
clock_02175.jpg,0,32,35
clock_02176.jpg,11,35,3
clock_02177.jpg,6,48,47
clock_02178.jpg,11,18,37
clock_02179.jpg,6,15,44
clock_02180.jpg,5,41,29
clock_02181.jpg,11,12,56
clock_02182.jpg,10,40,13
clock_02183.jpg,9,44,19
clock_02184.jpg,3,40,46
clock_02185.jpg,5,28,43
clock_02186.jpg,11,3,31
clock_02187.jpg,11,59,22
clock_02188.jpg,4,49,5
clock_02189.jpg,4,6,49
clock_02190.jpg,7,40,56
clock_02191.jpg,11,5,39
clock_02192.jpg,5,14,0
clock_02193.jpg,1,4,25
clock_02194.jpg,9,35,46
clock_02195.jpg,1,35,43
clock_02196.jpg,4,20,4
clock_02197.jpg,11,21,2
clock_02198.jpg,5,2,59
clock_02199.jpg,0,51,1
clock_02200.jpg,5,4,58
clock_02201.jpg,2,4,39
clock_02202.jpg,7,36,34
clock_02203.jpg,0,0,0
clock_02204.jpg,3,43,34
clock_02205.jpg,3,11,7
clock_02206.jpg,3,23,57
clock_02207.jpg,3,11,52
clock_02208.jpg,5,27,13
clock_02209.jpg,11,12,9
clock_02210.jpg,8,5,15
clock_02211.jpg,11,5,6
clock_02212.jpg,6,27,24
clock_02213.jpg,8,30,24
clock_02214.jpg,5,48,41
clock_02215.jpg,4,44,19
clock_02216.jpg,1,28,51
clock_02217.jpg,8,46,17
clock_02218.jpg,3,57,41
clock_02219.jpg,7,35,47
clock_02220.jpg,7,53,4
clock_02221.jpg,3,31,40
clock_02222.jpg,11,7,4
clock_02223.jpg,1,21,0
clock_02224.jpg,9,33,26
clock_02225.jpg,5,32,55
clock_02226.jpg,7,48,54
clock_02227.jpg,4,58,24
clock_02228.jpg,0,54,7
clock_02229.jpg,10,15,4
clock_02230.jpg,5,47,27
clock_02231.jpg,1,8,31
clock_02232.jpg,10,1,18
clock_02233.jpg,11,23,54
clock_02234.jpg,2,4,15
clock_02235.jpg,0,44,0
clock_02236.jpg,4,15,50
clock_02237.jpg,2,39,38
clock_02238.jpg,6,58,2
clock_02239.jpg,11,19,40
clock_02240.jpg,3,38,49
clock_02241.jpg,9,15,44
clock_02242.jpg,3,25,10
clock_02243.jpg,1,1,33
clock_02244.jpg,2,31,1
clock_02245.jpg,7,28,3
clock_02246.jpg,4,49,40
clock_02247.jpg,0,32,32
clock_02248.jpg,11,31,50
clock_02249.jpg,6,50,54
clock_02250.jpg,3,27,6
clock_02251.jpg,6,48,38
clock_02252.jpg,2,44,24
clock_02253.jpg,8,2,7
clock_02254.jpg,3,37,56
clock_02255.jpg,11,29,38
clock_02256.jpg,6,38,26
clock_02257.jpg,1,20,36
clock_02258.jpg,7,49,41
clock_02259.jpg,11,17,1
clock_02260.jpg,0,27,15
clock_02261.jpg,4,14,2
clock_02262.jpg,7,24,55
clock_02263.jpg,10,12,7
clock_02264.jpg,1,42,41
clock_02265.jpg,9,21,23
clock_02266.jpg,5,39,6
clock_02267.jpg,11,47,18
clock_02268.jpg,3,18,46
clock_02269.jpg,2,38,34
clock_02270.jpg,6,43,38
clock_02271.jpg,7,4,7
clock_02272.jpg,0,39,21
clock_02273.jpg,3,41,43
clock_02274.jpg,8,56,55
clock_02275.jpg,5,34,5
clock_02276.jpg,0,41,25
clock_02277.jpg,7,21,41
clock_02278.jpg,0,44,26
clock_02279.jpg,3,52,49
clock_02280.jpg,5,9,45
clock_02281.jpg,10,29,49
clock_02282.jpg,1,20,27
clock_02283.jpg,5,9,16
clock_02284.jpg,3,26,4
clock_02285.jpg,5,26,21
clock_02286.jpg,1,35,14
clock_02287.jpg,7,17,5
clock_02288.jpg,5,13,59
clock_02289.jpg,9,52,31
clock_02290.jpg,8,41,21
clock_02291.jpg,6,40,44
clock_02292.jpg,5,22,11
clock_02293.jpg,1,7,1
clock_02294.jpg,4,54,49
clock_02295.jpg,9,40,59
clock_02296.jpg,7,37,38
clock_02297.jpg,0,10,48
clock_02298.jpg,2,55,9
clock_02299.jpg,8,30,42
clock_02300.jpg,5,7,49
clock_02301.jpg,4,17,33
clock_02302.jpg,1,58,43
clock_02303.jpg,9,2,18
clock_02304.jpg,1,3,42
clock_02305.jpg,10,47,8
clock_02306.jpg,6,27,53
clock_02307.jpg,10,26,33
clock_02308.jpg,11,26,1
clock_02309.jpg,9,9,55
clock_02310.jpg,1,19,42
clock_02311.jpg,11,20,54
clock_02312.jpg,7,25,2
clock_02313.jpg,0,20,38
clock_02314.jpg,6,57,56
clock_02315.jpg,10,45,17
clock_02316.jpg,0,57,32
clock_02317.jpg,8,27,43
clock_02318.jpg,8,45,10
clock_02319.jpg,2,1,51
clock_02320.jpg,1,20,24
clock_02321.jpg,7,5,34
clock_02322.jpg,9,56,46
clock_02323.jpg,1,47,59
clock_02324.jpg,4,54,18
clock_02325.jpg,4,22,35
clock_02326.jpg,6,9,13
clock_02327.jpg,11,47,39
clock_02328.jpg,3,31,39
clock_02329.jpg,1,26,18
clock_02330.jpg,0,44,23
clock_02331.jpg,10,24,22
clock_02332.jpg,8,39,25
clock_02333.jpg,5,52,12
clock_02334.jpg,9,47,10
clock_02335.jpg,1,6,51
clock_02336.jpg,7,42,13
clock_02337.jpg,9,22,16
clock_02338.jpg,1,20,1
clock_02339.jpg,7,49,58
clock_02340.jpg,10,9,39
clock_02341.jpg,1,17,26
clock_02342.jpg,10,50,12
clock_02343.jpg,5,9,29
clock_02344.jpg,10,21,45
clock_02345.jpg,7,37,37
clock_02346.jpg,4,5,6
clock_02347.jpg,2,2,34
clock_02348.jpg,5,33,50
clock_02349.jpg,0,56,26
clock_02350.jpg,0,51,7
clock_02351.jpg,5,32,30
clock_02352.jpg,1,2,43
clock_02353.jpg,3,8,6
clock_02354.jpg,0,46,38
clock_02355.jpg,6,41,52
clock_02356.jpg,3,22,39
clock_02357.jpg,10,19,14
clock_02358.jpg,3,1,40
clock_02359.jpg,3,33,32
clock_02360.jpg,11,22,38
clock_02361.jpg,0,13,11
clock_02362.jpg,7,6,37
clock_02363.jpg,8,53,7
clock_02364.jpg,7,58,8
clock_02365.jpg,1,15,17
clock_02366.jpg,5,47,23
clock_02367.jpg,8,5,16
clock_02368.jpg,11,9,5
clock_02369.jpg,3,0,55
clock_02370.jpg,10,38,33
clock_02371.jpg,4,13,3
clock_02372.jpg,9,49,20
clock_02373.jpg,2,5,41
clock_02374.jpg,8,35,3
clock_02375.jpg,2,51,58
clock_02376.jpg,0,9,38
clock_02377.jpg,9,0,48
clock_02378.jpg,11,59,40
clock_02379.jpg,0,9,50
clock_02380.jpg,9,16,31
clock_02381.jpg,6,25,7
clock_02382.jpg,6,13,25
clock_02383.jpg,3,55,31
clock_02384.jpg,8,7,17
clock_02385.jpg,5,10,53
clock_02386.jpg,4,54,16
clock_02387.jpg,7,41,51
clock_02388.jpg,0,24,38
clock_02389.jpg,7,22,35
clock_02390.jpg,8,8,59
clock_02391.jpg,6,33,23
clock_02392.jpg,10,55,41
clock_02393.jpg,2,6,47
clock_02394.jpg,9,16,49
clock_02395.jpg,6,28,43
clock_02396.jpg,4,4,20
clock_02397.jpg,8,40,50
clock_02398.jpg,5,56,19
clock_02399.jpg,0,37,17
clock_02400.jpg,10,6,14
clock_02401.jpg,10,34,54
clock_02402.jpg,7,42,1
clock_02403.jpg,1,24,45
clock_02404.jpg,8,46,13
clock_02405.jpg,6,55,10
clock_02406.jpg,0,32,48
clock_02407.jpg,5,36,59
clock_02408.jpg,8,48,5
clock_02409.jpg,9,56,1
clock_02410.jpg,8,38,1
clock_02411.jpg,7,10,47
clock_02412.jpg,11,23,39
clock_02413.jpg,5,29,23
clock_02414.jpg,0,22,40
clock_02415.jpg,7,28,58
clock_02416.jpg,5,12,17
clock_02417.jpg,4,3,11
clock_02418.jpg,7,27,13
clock_02419.jpg,10,46,28
clock_02420.jpg,4,14,58
clock_02421.jpg,7,17,0
clock_02422.jpg,9,34,6
clock_02423.jpg,7,42,1
clock_02424.jpg,8,34,4
clock_02425.jpg,4,39,43
clock_02426.jpg,5,56,1
clock_02427.jpg,3,24,30
clock_02428.jpg,4,45,22
clock_02429.jpg,7,52,38
clock_02430.jpg,2,51,35
clock_02431.jpg,5,55,11
clock_02432.jpg,6,39,42
clock_02433.jpg,1,21,2
clock_02434.jpg,2,55,2
clock_02435.jpg,4,10,31
clock_02436.jpg,9,8,43
clock_02437.jpg,9,47,35
clock_02438.jpg,7,20,51
clock_02439.jpg,2,48,39
clock_02440.jpg,1,22,4
clock_02441.jpg,11,10,4
clock_02442.jpg,2,55,49
clock_02443.jpg,5,13,29
clock_02444.jpg,0,9,22
clock_02445.jpg,10,32,53
clock_02446.jpg,6,57,23
clock_02447.jpg,6,30,24
clock_02448.jpg,1,16,18
clock_02449.jpg,0,59,12
clock_02450.jpg,9,0,20
clock_02451.jpg,5,41,10
clock_02452.jpg,5,31,37
clock_02453.jpg,3,1,52
clock_02454.jpg,0,46,16
clock_02455.jpg,6,42,3
clock_02456.jpg,2,51,53
clock_02457.jpg,5,12,7
clock_02458.jpg,9,52,11
clock_02459.jpg,2,0,43
clock_02460.jpg,2,19,38
clock_02461.jpg,3,17,55
clock_02462.jpg,8,13,8
clock_02463.jpg,0,13,2
clock_02464.jpg,5,48,28
clock_02465.jpg,11,11,45
clock_02466.jpg,10,27,30
clock_02467.jpg,5,26,6
clock_02468.jpg,6,0,45
clock_02469.jpg,9,3,27
clock_02470.jpg,1,49,15
clock_02471.jpg,2,10,36
clock_02472.jpg,2,15,20
clock_02473.jpg,8,17,34
clock_02474.jpg,0,40,37
clock_02475.jpg,2,20,55
clock_02476.jpg,3,45,6
clock_02477.jpg,11,5,10
clock_02478.jpg,3,54,13
clock_02479.jpg,4,39,36
clock_02480.jpg,2,25,45
clock_02481.jpg,3,24,11
clock_02482.jpg,2,38,10
clock_02483.jpg,3,57,15
clock_02484.jpg,4,34,14
clock_02485.jpg,4,11,18
clock_02486.jpg,8,13,7
clock_02487.jpg,6,42,28
clock_02488.jpg,2,35,47
clock_02489.jpg,9,31,38
clock_02490.jpg,3,49,19
clock_02491.jpg,8,26,45
clock_02492.jpg,11,47,5
clock_02493.jpg,6,32,59
clock_02494.jpg,6,55,0
clock_02495.jpg,6,9,46
clock_02496.jpg,8,14,27
clock_02497.jpg,7,58,41
clock_02498.jpg,6,49,12
clock_02499.jpg,3,25,17
clock_02500.jpg,5,20,23
clock_02501.jpg,2,31,47
clock_02502.jpg,10,33,45
clock_02503.jpg,7,38,21
clock_02504.jpg,8,39,50
clock_02505.jpg,2,31,31
clock_02506.jpg,6,29,31
clock_02507.jpg,1,53,59
clock_02508.jpg,2,51,7
clock_02509.jpg,6,34,55
clock_02510.jpg,5,50,31
clock_02511.jpg,0,39,52
clock_02512.jpg,1,57,19
clock_02513.jpg,3,37,57
clock_02514.jpg,9,12,54
clock_02515.jpg,2,3,33
clock_02516.jpg,9,14,19
clock_02517.jpg,7,14,2
clock_02518.jpg,7,56,32
clock_02519.jpg,10,30,24
clock_02520.jpg,7,22,29
clock_02521.jpg,11,43,23
clock_02522.jpg,1,59,9
clock_02523.jpg,2,49,44
clock_02524.jpg,9,35,14
clock_02525.jpg,5,54,51
clock_02526.jpg,9,37,9
clock_02527.jpg,1,57,8
clock_02528.jpg,9,32,37
clock_02529.jpg,5,49,18
clock_02530.jpg,1,5,46
clock_02531.jpg,4,6,36
clock_02532.jpg,5,38,36
clock_02533.jpg,11,4,36
clock_02534.jpg,4,0,31
clock_02535.jpg,7,47,53
clock_02536.jpg,4,34,55
clock_02537.jpg,9,21,36
clock_02538.jpg,4,34,14
clock_02539.jpg,6,51,4
clock_02540.jpg,7,44,31
clock_02541.jpg,5,56,24
clock_02542.jpg,11,29,30
clock_02543.jpg,1,4,33
clock_02544.jpg,5,37,3
clock_02545.jpg,4,15,30
clock_02546.jpg,0,32,39
clock_02547.jpg,7,49,53
clock_02548.jpg,4,48,57
clock_02549.jpg,1,12,5
clock_02550.jpg,9,21,56
clock_02551.jpg,8,27,12
clock_02552.jpg,7,10,48
clock_02553.jpg,3,18,45
clock_02554.jpg,8,30,2
clock_02555.jpg,10,48,37
clock_02556.jpg,1,14,29
clock_02557.jpg,4,43,13
clock_02558.jpg,10,16,7
clock_02559.jpg,11,39,34
clock_02560.jpg,11,53,46
clock_02561.jpg,6,10,25
clock_02562.jpg,3,0,25
clock_02563.jpg,10,33,21
clock_02564.jpg,4,4,5
clock_02565.jpg,5,12,37
clock_02566.jpg,2,21,57
clock_02567.jpg,8,59,51
clock_02568.jpg,8,3,53
clock_02569.jpg,6,34,59
clock_02570.jpg,1,45,10
clock_02571.jpg,4,55,1
clock_02572.jpg,0,58,56
clock_02573.jpg,7,55,50
clock_02574.jpg,0,55,30
clock_02575.jpg,7,6,27
clock_02576.jpg,11,52,11
clock_02577.jpg,8,25,9
clock_02578.jpg,9,26,22
clock_02579.jpg,7,42,19
clock_02580.jpg,7,2,33
clock_02581.jpg,10,59,45
clock_02582.jpg,8,54,19
clock_02583.jpg,2,44,34
clock_02584.jpg,5,52,26
clock_02585.jpg,1,32,56
clock_02586.jpg,3,40,47
clock_02587.jpg,5,24,3
clock_02588.jpg,0,0,34
clock_02589.jpg,10,50,56
clock_02590.jpg,7,12,10
clock_02591.jpg,2,11,25
clock_02592.jpg,3,56,34
clock_02593.jpg,5,10,25
clock_02594.jpg,2,46,22
clock_02595.jpg,4,58,59
clock_02596.jpg,5,51,48
clock_02597.jpg,2,49,5
clock_02598.jpg,1,32,45
clock_02599.jpg,2,30,25
clock_02600.jpg,7,18,56
clock_02601.jpg,10,8,12
clock_02602.jpg,11,26,8
clock_02603.jpg,11,12,46
clock_02604.jpg,8,52,8
clock_02605.jpg,0,58,3
clock_02606.jpg,5,41,42
clock_02607.jpg,2,48,41
clock_02608.jpg,10,18,45
clock_02609.jpg,11,41,57
clock_02610.jpg,7,13,49
clock_02611.jpg,9,36,18
clock_02612.jpg,7,14,6
clock_02613.jpg,3,1,19
clock_02614.jpg,4,37,8
clock_02615.jpg,9,28,19
clock_02616.jpg,0,29,36
clock_02617.jpg,1,42,17
clock_02618.jpg,11,16,9
clock_02619.jpg,11,0,56
clock_02620.jpg,9,40,11
clock_02621.jpg,8,43,36
clock_02622.jpg,0,50,1
clock_02623.jpg,4,7,40
clock_02624.jpg,10,9,38
clock_02625.jpg,2,5,8
clock_02626.jpg,6,52,32
clock_02627.jpg,10,6,16
clock_02628.jpg,10,48,34
clock_02629.jpg,4,16,33
clock_02630.jpg,5,5,9
clock_02631.jpg,3,22,38
clock_02632.jpg,0,9,25
clock_02633.jpg,2,15,7
clock_02634.jpg,7,47,42
clock_02635.jpg,9,50,20
clock_02636.jpg,4,47,5
clock_02637.jpg,5,51,36
clock_02638.jpg,10,7,53
clock_02639.jpg,0,4,8
clock_02640.jpg,6,59,59
clock_02641.jpg,0,8,43
clock_02642.jpg,2,51,7
clock_02643.jpg,7,34,22
clock_02644.jpg,11,38,59
clock_02645.jpg,11,15,22
clock_02646.jpg,6,33,50
clock_02647.jpg,2,59,13
clock_02648.jpg,1,6,16
clock_02649.jpg,2,55,46
clock_02650.jpg,11,44,44
clock_02651.jpg,3,8,43
clock_02652.jpg,2,40,21
clock_02653.jpg,0,10,7
clock_02654.jpg,0,47,7
clock_02655.jpg,7,38,19
clock_02656.jpg,2,47,58
clock_02657.jpg,9,29,20
clock_02658.jpg,7,56,54
clock_02659.jpg,1,44,22
clock_02660.jpg,8,16,41
clock_02661.jpg,10,16,10
clock_02662.jpg,3,20,7
clock_02663.jpg,6,31,28
clock_02664.jpg,1,56,23
clock_02665.jpg,10,57,31
clock_02666.jpg,7,0,46
clock_02667.jpg,1,5,58
clock_02668.jpg,11,3,6
clock_02669.jpg,11,26,6
clock_02670.jpg,6,47,22
clock_02671.jpg,5,43,14
clock_02672.jpg,9,15,18
clock_02673.jpg,9,17,3
clock_02674.jpg,3,42,53
clock_02675.jpg,0,58,33
clock_02676.jpg,0,11,5
clock_02677.jpg,2,37,44
clock_02678.jpg,2,29,57
clock_02679.jpg,4,25,40
clock_02680.jpg,11,1,18
clock_02681.jpg,11,42,25
clock_02682.jpg,4,52,33
clock_02683.jpg,5,37,3
clock_02684.jpg,2,3,9
clock_02685.jpg,3,6,7
clock_02686.jpg,6,55,9
clock_02687.jpg,0,30,19
clock_02688.jpg,3,16,34
clock_02689.jpg,0,17,6
clock_02690.jpg,3,0,1
clock_02691.jpg,0,56,34
clock_02692.jpg,11,10,37
clock_02693.jpg,9,4,40
clock_02694.jpg,0,52,22
clock_02695.jpg,6,17,58
clock_02696.jpg,0,54,5
clock_02697.jpg,1,53,28
clock_02698.jpg,7,51,48
clock_02699.jpg,11,45,47
clock_02700.jpg,6,17,31
clock_02701.jpg,11,23,50
clock_02702.jpg,1,23,57
clock_02703.jpg,6,26,6
clock_02704.jpg,11,31,22
clock_02705.jpg,11,42,42
clock_02706.jpg,11,13,59
clock_02707.jpg,9,23,9
clock_02708.jpg,5,54,50
clock_02709.jpg,5,38,17
clock_02710.jpg,3,1,6
clock_02711.jpg,3,12,13
clock_02712.jpg,1,22,9
clock_02713.jpg,9,52,7
clock_02714.jpg,11,34,40
clock_02715.jpg,4,48,20
clock_02716.jpg,2,45,22
clock_02717.jpg,3,51,19
clock_02718.jpg,4,37,49
clock_02719.jpg,0,15,30
clock_02720.jpg,1,45,45
clock_02721.jpg,7,59,25
clock_02722.jpg,0,29,57
clock_02723.jpg,8,54,26
clock_02724.jpg,10,14,2
clock_02725.jpg,10,26,26
clock_02726.jpg,4,59,19
clock_02727.jpg,9,6,33
clock_02728.jpg,8,28,58
clock_02729.jpg,5,0,24
clock_02730.jpg,3,31,13
clock_02731.jpg,10,16,12
clock_02732.jpg,2,20,32
clock_02733.jpg,9,12,51
clock_02734.jpg,8,37,30
clock_02735.jpg,0,5,42
clock_02736.jpg,4,23,15
clock_02737.jpg,4,26,57
clock_02738.jpg,1,49,19
clock_02739.jpg,6,31,43
clock_02740.jpg,5,55,7
clock_02741.jpg,1,29,56
clock_02742.jpg,4,6,34
clock_02743.jpg,7,2,29
clock_02744.jpg,6,28,37
clock_02745.jpg,9,59,1
clock_02746.jpg,8,49,7
clock_02747.jpg,6,31,21
clock_02748.jpg,10,36,16
clock_02749.jpg,10,17,45
clock_02750.jpg,7,6,33
clock_02751.jpg,5,15,27
clock_02752.jpg,3,26,23
clock_02753.jpg,8,10,49
clock_02754.jpg,10,4,5
clock_02755.jpg,10,6,15
clock_02756.jpg,0,6,15
clock_02757.jpg,6,4,32
clock_02758.jpg,9,51,19
clock_02759.jpg,0,33,4
clock_02760.jpg,9,35,0
clock_02761.jpg,5,1,10
clock_02762.jpg,5,57,1
clock_02763.jpg,2,27,12
clock_02764.jpg,0,2,56
clock_02765.jpg,3,54,22
clock_02766.jpg,3,38,26
clock_02767.jpg,0,59,22
clock_02768.jpg,5,39,22
clock_02769.jpg,6,9,13
clock_02770.jpg,11,41,21
clock_02771.jpg,6,36,50
clock_02772.jpg,7,34,1
clock_02773.jpg,4,42,47
clock_02774.jpg,1,33,28
clock_02775.jpg,10,43,36
clock_02776.jpg,0,31,51
clock_02777.jpg,4,2,31
clock_02778.jpg,6,4,28
clock_02779.jpg,4,6,38
clock_02780.jpg,11,43,23
clock_02781.jpg,9,59,59
clock_02782.jpg,5,2,16
clock_02783.jpg,1,35,16
clock_02784.jpg,2,28,28
clock_02785.jpg,8,52,55
clock_02786.jpg,2,14,54
clock_02787.jpg,6,29,9
clock_02788.jpg,6,23,30
clock_02789.jpg,8,19,2
clock_02790.jpg,11,24,59
clock_02791.jpg,7,22,26
clock_02792.jpg,7,15,7
clock_02793.jpg,7,3,22
clock_02794.jpg,7,8,50
clock_02795.jpg,8,15,15
clock_02796.jpg,11,14,36
clock_02797.jpg,10,2,30
clock_02798.jpg,7,56,2
clock_02799.jpg,3,45,16
clock_02800.jpg,0,2,19
clock_02801.jpg,5,56,45
clock_02802.jpg,7,7,17
clock_02803.jpg,8,30,59
clock_02804.jpg,7,54,52
clock_02805.jpg,1,52,5
clock_02806.jpg,3,18,1
clock_02807.jpg,9,13,15
clock_02808.jpg,4,9,7
clock_02809.jpg,4,29,21
clock_02810.jpg,5,0,26
clock_02811.jpg,7,23,22
clock_02812.jpg,5,56,15
clock_02813.jpg,11,24,54
clock_02814.jpg,0,31,50
clock_02815.jpg,11,35,36
clock_02816.jpg,9,34,42
clock_02817.jpg,9,32,42
clock_02818.jpg,5,29,25
clock_02819.jpg,5,40,28
clock_02820.jpg,5,26,2
clock_02821.jpg,9,51,6
clock_02822.jpg,10,23,31
clock_02823.jpg,4,19,38
clock_02824.jpg,1,4,20
clock_02825.jpg,1,2,1
clock_02826.jpg,4,31,18
clock_02827.jpg,1,32,50
clock_02828.jpg,6,56,8
clock_02829.jpg,6,13,4
clock_02830.jpg,4,38,51
clock_02831.jpg,0,1,28
clock_02832.jpg,10,15,33
clock_02833.jpg,3,38,4
clock_02834.jpg,1,16,12
clock_02835.jpg,1,34,0
clock_02836.jpg,7,19,28
clock_02837.jpg,0,59,3
clock_02838.jpg,7,50,24
clock_02839.jpg,3,11,41
clock_02840.jpg,4,4,14
clock_02841.jpg,11,48,47
clock_02842.jpg,8,15,43
clock_02843.jpg,10,55,3
clock_02844.jpg,4,5,23
clock_02845.jpg,8,31,19
clock_02846.jpg,5,34,59
clock_02847.jpg,9,25,19
clock_02848.jpg,6,48,57
clock_02849.jpg,2,15,46
clock_02850.jpg,6,43,36
clock_02851.jpg,5,43,20
clock_02852.jpg,5,3,32
clock_02853.jpg,1,45,30
clock_02854.jpg,11,20,1
clock_02855.jpg,6,7,53
clock_02856.jpg,1,22,35
clock_02857.jpg,10,36,57
clock_02858.jpg,6,19,10
clock_02859.jpg,8,7,7
clock_02860.jpg,6,37,6
clock_02861.jpg,0,41,47
clock_02862.jpg,6,39,31
clock_02863.jpg,3,40,44
clock_02864.jpg,4,17,17
clock_02865.jpg,7,1,52
clock_02866.jpg,10,16,22
clock_02867.jpg,0,8,27
clock_02868.jpg,10,5,51
clock_02869.jpg,0,19,25
clock_02870.jpg,3,12,16
clock_02871.jpg,3,37,31
clock_02872.jpg,4,36,26
clock_02873.jpg,7,38,13
clock_02874.jpg,6,21,8
clock_02875.jpg,0,53,36
clock_02876.jpg,8,20,9
clock_02877.jpg,8,5,56
clock_02878.jpg,7,24,50
clock_02879.jpg,2,52,20
clock_02880.jpg,10,58,20
clock_02881.jpg,4,0,8
clock_02882.jpg,1,39,46
clock_02883.jpg,0,51,23
clock_02884.jpg,5,33,22
clock_02885.jpg,3,26,43
clock_02886.jpg,6,31,34
clock_02887.jpg,0,44,30
clock_02888.jpg,4,55,4
clock_02889.jpg,1,43,9
clock_02890.jpg,6,30,25
clock_02891.jpg,0,30,19
clock_02892.jpg,3,27,42
clock_02893.jpg,4,9,57
clock_02894.jpg,11,56,44
clock_02895.jpg,11,31,11
clock_02896.jpg,5,19,38
clock_02897.jpg,0,0,42
clock_02898.jpg,10,29,44
clock_02899.jpg,11,58,9
clock_02900.jpg,2,58,24
clock_02901.jpg,9,8,20
clock_02902.jpg,4,5,41
clock_02903.jpg,3,0,32
clock_02904.jpg,1,29,33
clock_02905.jpg,6,25,24
clock_02906.jpg,5,33,22
clock_02907.jpg,3,18,48
clock_02908.jpg,4,47,0
clock_02909.jpg,6,14,57
clock_02910.jpg,7,24,59
clock_02911.jpg,0,20,32
clock_02912.jpg,10,47,12
clock_02913.jpg,6,14,33
clock_02914.jpg,10,28,55
clock_02915.jpg,5,9,26
clock_02916.jpg,0,55,29
clock_02917.jpg,3,18,34
clock_02918.jpg,7,49,11
clock_02919.jpg,8,32,39
clock_02920.jpg,11,12,12
clock_02921.jpg,5,44,37
clock_02922.jpg,5,2,38
clock_02923.jpg,0,19,32
clock_02924.jpg,0,18,10
clock_02925.jpg,7,55,54
clock_02926.jpg,8,59,41
clock_02927.jpg,8,41,28
clock_02928.jpg,5,18,15
clock_02929.jpg,9,3,47
clock_02930.jpg,10,12,45
clock_02931.jpg,10,21,40
clock_02932.jpg,7,11,56
clock_02933.jpg,3,0,2
clock_02934.jpg,5,46,59
clock_02935.jpg,11,32,55
clock_02936.jpg,1,8,42
clock_02937.jpg,4,22,1
clock_02938.jpg,4,9,21
clock_02939.jpg,3,19,26
clock_02940.jpg,5,20,37
clock_02941.jpg,4,26,19
clock_02942.jpg,9,37,56
clock_02943.jpg,10,9,7
clock_02944.jpg,8,41,37
clock_02945.jpg,2,54,37
clock_02946.jpg,4,36,15
clock_02947.jpg,3,54,51
clock_02948.jpg,2,10,21
clock_02949.jpg,5,15,48
clock_02950.jpg,2,47,25
clock_02951.jpg,10,16,57
clock_02952.jpg,10,36,53
clock_02953.jpg,11,9,26
clock_02954.jpg,1,3,18
clock_02955.jpg,9,50,28
clock_02956.jpg,11,7,20
clock_02957.jpg,6,0,8
clock_02958.jpg,0,39,40
clock_02959.jpg,1,6,20
clock_02960.jpg,7,23,6
clock_02961.jpg,7,10,49
clock_02962.jpg,9,7,23
clock_02963.jpg,1,46,27
clock_02964.jpg,10,5,10
clock_02965.jpg,7,33,9
clock_02966.jpg,10,23,26
clock_02967.jpg,4,2,8
clock_02968.jpg,9,35,29
clock_02969.jpg,5,28,21
clock_02970.jpg,4,54,2
clock_02971.jpg,3,58,25
clock_02972.jpg,5,10,36
clock_02973.jpg,9,40,18
clock_02974.jpg,0,49,35
clock_02975.jpg,6,42,23
clock_02976.jpg,0,59,31
clock_02977.jpg,1,22,45
clock_02978.jpg,3,12,42
clock_02979.jpg,1,49,26
clock_02980.jpg,4,32,46
clock_02981.jpg,7,9,20
clock_02982.jpg,2,19,13
clock_02983.jpg,10,5,12
clock_02984.jpg,6,55,37
clock_02985.jpg,11,22,26
clock_02986.jpg,6,18,41
clock_02987.jpg,8,6,51
clock_02988.jpg,9,54,39
clock_02989.jpg,7,25,46
clock_02990.jpg,2,48,7
clock_02991.jpg,1,36,27
clock_02992.jpg,7,4,40
clock_02993.jpg,4,44,48
clock_02994.jpg,1,0,25
clock_02995.jpg,2,39,23
clock_02996.jpg,11,41,10
clock_02997.jpg,3,32,45
clock_02998.jpg,4,13,7
clock_02999.jpg,5,48,35
clock_03000.jpg,1,37,30
clock_03001.jpg,8,52,42
clock_03002.jpg,6,38,9
clock_03003.jpg,0,39,45
clock_03004.jpg,3,2,35
clock_03005.jpg,6,25,48
clock_03006.jpg,3,9,34
clock_03007.jpg,6,33,34
clock_03008.jpg,3,21,11
clock_03009.jpg,6,10,58
clock_03010.jpg,0,5,6
clock_03011.jpg,1,25,29
clock_03012.jpg,6,24,25
clock_03013.jpg,5,34,48
clock_03014.jpg,5,8,52
clock_03015.jpg,5,29,13
clock_03016.jpg,10,41,27
clock_03017.jpg,6,20,38
clock_03018.jpg,2,37,1
clock_03019.jpg,6,28,52
clock_03020.jpg,1,37,48
clock_03021.jpg,8,22,54
clock_03022.jpg,7,20,56
clock_03023.jpg,10,17,22
clock_03024.jpg,2,49,42
clock_03025.jpg,7,16,35
clock_03026.jpg,0,50,10
clock_03027.jpg,10,6,0
clock_03028.jpg,9,38,10
clock_03029.jpg,4,9,35
clock_03030.jpg,7,55,57
clock_03031.jpg,0,58,6
clock_03032.jpg,2,7,36
clock_03033.jpg,2,6,40
clock_03034.jpg,7,25,34
clock_03035.jpg,4,16,2
clock_03036.jpg,5,13,46
clock_03037.jpg,6,45,57
clock_03038.jpg,6,54,25
clock_03039.jpg,8,6,42
clock_03040.jpg,0,30,41
clock_03041.jpg,9,9,11
clock_03042.jpg,4,57,9
clock_03043.jpg,1,52,27
clock_03044.jpg,2,3,42
clock_03045.jpg,4,14,15
clock_03046.jpg,0,41,15
clock_03047.jpg,4,14,3
clock_03048.jpg,11,54,32
clock_03049.jpg,7,36,43
clock_03050.jpg,1,39,49
clock_03051.jpg,7,6,46
clock_03052.jpg,6,1,54
clock_03053.jpg,7,36,44
clock_03054.jpg,0,11,48
clock_03055.jpg,4,18,8
clock_03056.jpg,6,59,54
clock_03057.jpg,6,1,14
clock_03058.jpg,6,12,18
clock_03059.jpg,2,18,0
clock_03060.jpg,7,6,6
clock_03061.jpg,5,55,56
clock_03062.jpg,10,17,27
clock_03063.jpg,5,37,6
clock_03064.jpg,0,27,4
clock_03065.jpg,0,12,22
clock_03066.jpg,9,54,14
clock_03067.jpg,2,17,54
clock_03068.jpg,8,54,35
clock_03069.jpg,0,9,20
clock_03070.jpg,9,44,9
clock_03071.jpg,5,7,57
clock_03072.jpg,7,13,56
clock_03073.jpg,9,18,54
clock_03074.jpg,1,56,41
clock_03075.jpg,8,34,35
clock_03076.jpg,10,0,34
clock_03077.jpg,9,14,17
clock_03078.jpg,10,47,16
clock_03079.jpg,0,41,26
clock_03080.jpg,9,47,11
clock_03081.jpg,0,5,30
clock_03082.jpg,6,51,46
clock_03083.jpg,9,38,2
clock_03084.jpg,9,4,40
clock_03085.jpg,9,59,47
clock_03086.jpg,10,39,36
clock_03087.jpg,11,2,15
clock_03088.jpg,1,38,48
clock_03089.jpg,0,58,6
clock_03090.jpg,3,20,0
clock_03091.jpg,7,30,55
clock_03092.jpg,9,1,49
clock_03093.jpg,8,45,10
clock_03094.jpg,11,17,39
clock_03095.jpg,3,36,30
clock_03096.jpg,0,48,44
clock_03097.jpg,0,32,35
clock_03098.jpg,1,39,23
clock_03099.jpg,11,44,43
clock_03100.jpg,4,3,39
clock_03101.jpg,3,51,42
clock_03102.jpg,10,12,16
clock_03103.jpg,10,47,20
clock_03104.jpg,1,17,34
clock_03105.jpg,2,53,3
clock_03106.jpg,1,1,29
clock_03107.jpg,8,58,36
clock_03108.jpg,10,28,36
clock_03109.jpg,0,22,44
clock_03110.jpg,3,23,47
clock_03111.jpg,11,1,45
clock_03112.jpg,1,5,29
clock_03113.jpg,0,43,41
clock_03114.jpg,6,30,7
clock_03115.jpg,10,6,15
clock_03116.jpg,5,24,58
clock_03117.jpg,3,38,53
clock_03118.jpg,8,59,44
clock_03119.jpg,10,8,53
clock_03120.jpg,11,50,14
clock_03121.jpg,3,33,57
clock_03122.jpg,8,21,21
clock_03123.jpg,5,8,12
clock_03124.jpg,0,58,25
clock_03125.jpg,9,0,51
clock_03126.jpg,10,24,21
clock_03127.jpg,9,13,11
clock_03128.jpg,6,56,37
clock_03129.jpg,0,18,57
clock_03130.jpg,1,25,24
clock_03131.jpg,9,48,12
clock_03132.jpg,0,40,41
clock_03133.jpg,9,40,56
clock_03134.jpg,4,44,45
clock_03135.jpg,1,29,2
clock_03136.jpg,9,38,47
clock_03137.jpg,8,54,7
clock_03138.jpg,9,17,24
clock_03139.jpg,4,17,48
clock_03140.jpg,4,6,32
clock_03141.jpg,8,57,6
clock_03142.jpg,6,18,52
clock_03143.jpg,5,42,4
clock_03144.jpg,2,7,59
clock_03145.jpg,10,45,8
clock_03146.jpg,8,30,44
clock_03147.jpg,7,20,6
clock_03148.jpg,10,45,40
clock_03149.jpg,2,14,22
clock_03150.jpg,5,39,18
clock_03151.jpg,6,46,3
clock_03152.jpg,1,29,2
clock_03153.jpg,6,23,31
clock_03154.jpg,4,29,14
clock_03155.jpg,1,43,17
clock_03156.jpg,5,53,23
clock_03157.jpg,7,50,13
clock_03158.jpg,7,6,41
clock_03159.jpg,8,26,17
clock_03160.jpg,1,57,12
clock_03161.jpg,5,2,30
clock_03162.jpg,2,25,3
clock_03163.jpg,6,49,17
clock_03164.jpg,9,9,6
clock_03165.jpg,0,20,16
clock_03166.jpg,11,10,23
clock_03167.jpg,11,55,43
clock_03168.jpg,4,55,16
clock_03169.jpg,11,57,40
clock_03170.jpg,0,15,37
clock_03171.jpg,3,56,10
clock_03172.jpg,4,10,1
clock_03173.jpg,3,36,53
clock_03174.jpg,3,17,0
clock_03175.jpg,9,44,21
clock_03176.jpg,1,32,22
clock_03177.jpg,9,31,59
clock_03178.jpg,5,9,43
clock_03179.jpg,3,26,38
clock_03180.jpg,7,30,50
clock_03181.jpg,9,16,20
clock_03182.jpg,10,34,41
clock_03183.jpg,8,31,37
clock_03184.jpg,11,30,3
clock_03185.jpg,8,15,31
clock_03186.jpg,0,3,31
clock_03187.jpg,3,45,14
clock_03188.jpg,9,52,15
clock_03189.jpg,8,41,25
clock_03190.jpg,0,46,48
clock_03191.jpg,4,8,10
clock_03192.jpg,8,57,44
clock_03193.jpg,8,43,6
clock_03194.jpg,5,31,27
clock_03195.jpg,1,29,37
clock_03196.jpg,11,33,16
clock_03197.jpg,0,35,26
clock_03198.jpg,9,56,8
clock_03199.jpg,11,23,44
clock_03200.jpg,6,12,2
clock_03201.jpg,6,39,5
clock_03202.jpg,2,38,21
clock_03203.jpg,7,57,14
clock_03204.jpg,9,58,13
clock_03205.jpg,4,46,22
clock_03206.jpg,0,56,52
clock_03207.jpg,5,0,26
clock_03208.jpg,0,46,50
clock_03209.jpg,6,42,20
clock_03210.jpg,11,18,43
clock_03211.jpg,10,28,58
clock_03212.jpg,2,9,0
clock_03213.jpg,6,34,26
clock_03214.jpg,7,47,27
clock_03215.jpg,7,3,31
clock_03216.jpg,4,32,15
clock_03217.jpg,2,27,50
clock_03218.jpg,7,16,32
clock_03219.jpg,7,25,40
clock_03220.jpg,8,11,55
clock_03221.jpg,1,3,8
clock_03222.jpg,10,1,40
clock_03223.jpg,0,12,27
clock_03224.jpg,5,54,33
clock_03225.jpg,11,22,13
clock_03226.jpg,11,32,14
clock_03227.jpg,11,27,25
clock_03228.jpg,9,58,18
clock_03229.jpg,2,29,11
clock_03230.jpg,10,47,31
clock_03231.jpg,1,24,21
clock_03232.jpg,8,54,34
clock_03233.jpg,11,49,41
clock_03234.jpg,6,57,6
clock_03235.jpg,10,39,9
clock_03236.jpg,5,57,31
clock_03237.jpg,0,43,1
clock_03238.jpg,8,17,45
clock_03239.jpg,0,42,55
clock_03240.jpg,6,29,59
clock_03241.jpg,6,0,35
clock_03242.jpg,7,43,1
clock_03243.jpg,9,45,7
clock_03244.jpg,2,1,59
clock_03245.jpg,7,38,15
clock_03246.jpg,4,16,8
clock_03247.jpg,4,14,9
clock_03248.jpg,2,20,4
clock_03249.jpg,0,0,6
clock_03250.jpg,10,41,56
clock_03251.jpg,0,27,26
clock_03252.jpg,8,59,0
clock_03253.jpg,11,12,26
clock_03254.jpg,10,23,12
clock_03255.jpg,8,59,10
clock_03256.jpg,1,21,30
clock_03257.jpg,2,51,19
clock_03258.jpg,9,37,22
clock_03259.jpg,4,6,14
clock_03260.jpg,2,59,18
clock_03261.jpg,2,12,25
clock_03262.jpg,1,15,45
clock_03263.jpg,7,10,17
clock_03264.jpg,9,22,0
clock_03265.jpg,5,9,44
clock_03266.jpg,4,10,16
clock_03267.jpg,11,21,30
clock_03268.jpg,3,50,0
clock_03269.jpg,1,6,40
clock_03270.jpg,5,42,42
clock_03271.jpg,4,9,43
clock_03272.jpg,7,7,50
clock_03273.jpg,5,2,9
clock_03274.jpg,2,19,55
clock_03275.jpg,0,2,37
clock_03276.jpg,8,26,23
clock_03277.jpg,7,58,32
clock_03278.jpg,5,9,43
clock_03279.jpg,11,41,23
clock_03280.jpg,5,31,57
clock_03281.jpg,7,20,54
clock_03282.jpg,2,47,22
clock_03283.jpg,11,18,24
clock_03284.jpg,9,50,41
clock_03285.jpg,0,58,18
clock_03286.jpg,1,58,40
clock_03287.jpg,0,20,11
clock_03288.jpg,2,11,48
clock_03289.jpg,8,50,33
clock_03290.jpg,7,7,54
clock_03291.jpg,8,35,53
clock_03292.jpg,3,5,7
clock_03293.jpg,11,5,1
clock_03294.jpg,10,30,30
clock_03295.jpg,10,33,15
clock_03296.jpg,6,59,49
clock_03297.jpg,5,25,55
clock_03298.jpg,4,41,33
clock_03299.jpg,3,41,45
clock_03300.jpg,11,45,0
clock_03301.jpg,9,54,10
clock_03302.jpg,8,50,32
clock_03303.jpg,5,26,40
clock_03304.jpg,10,0,57
clock_03305.jpg,4,6,0
clock_03306.jpg,2,6,6
clock_03307.jpg,4,30,44
clock_03308.jpg,8,24,14
clock_03309.jpg,10,17,22
clock_03310.jpg,0,50,15
clock_03311.jpg,1,47,17
clock_03312.jpg,11,17,38
clock_03313.jpg,4,45,6
clock_03314.jpg,7,40,45
clock_03315.jpg,8,7,11
clock_03316.jpg,1,11,3
clock_03317.jpg,5,35,35
clock_03318.jpg,2,2,24
clock_03319.jpg,2,21,5
clock_03320.jpg,4,35,16
clock_03321.jpg,1,38,30
clock_03322.jpg,6,8,12
clock_03323.jpg,0,22,13
clock_03324.jpg,6,2,20
clock_03325.jpg,6,36,58
clock_03326.jpg,2,1,51
clock_03327.jpg,3,1,0
clock_03328.jpg,4,17,36
clock_03329.jpg,0,13,45
clock_03330.jpg,10,28,25
clock_03331.jpg,11,57,30
clock_03332.jpg,0,35,12
clock_03333.jpg,10,9,42
clock_03334.jpg,1,38,32
clock_03335.jpg,11,47,33
clock_03336.jpg,11,52,57
clock_03337.jpg,10,39,46
clock_03338.jpg,1,3,12
clock_03339.jpg,5,30,55
clock_03340.jpg,11,38,35
clock_03341.jpg,10,15,11
clock_03342.jpg,7,27,40
clock_03343.jpg,2,13,20
clock_03344.jpg,10,44,52
clock_03345.jpg,5,38,38
clock_03346.jpg,10,49,3
clock_03347.jpg,1,7,51
clock_03348.jpg,8,23,25
clock_03349.jpg,9,13,3
clock_03350.jpg,7,25,14
clock_03351.jpg,5,21,20
clock_03352.jpg,2,34,17
clock_03353.jpg,10,43,54
clock_03354.jpg,11,0,53
clock_03355.jpg,3,57,46
clock_03356.jpg,0,42,40
clock_03357.jpg,4,6,53
clock_03358.jpg,1,46,2
clock_03359.jpg,2,35,11
clock_03360.jpg,11,52,39
clock_03361.jpg,0,31,23
clock_03362.jpg,3,50,49
clock_03363.jpg,4,26,31
clock_03364.jpg,0,41,35
clock_03365.jpg,3,3,56
clock_03366.jpg,1,58,48
clock_03367.jpg,5,47,43
clock_03368.jpg,8,20,49
clock_03369.jpg,9,23,58
clock_03370.jpg,8,30,11
clock_03371.jpg,7,50,49
clock_03372.jpg,4,36,53
clock_03373.jpg,11,34,32
clock_03374.jpg,3,10,7
clock_03375.jpg,9,17,39
clock_03376.jpg,4,54,13
clock_03377.jpg,3,21,59
clock_03378.jpg,10,51,23
clock_03379.jpg,6,2,59
clock_03380.jpg,2,29,26
clock_03381.jpg,6,21,28
clock_03382.jpg,0,20,9
clock_03383.jpg,2,22,50
clock_03384.jpg,8,36,50
clock_03385.jpg,7,15,40
clock_03386.jpg,10,48,5
clock_03387.jpg,6,46,15
clock_03388.jpg,1,36,14
clock_03389.jpg,9,52,35
clock_03390.jpg,0,48,14
clock_03391.jpg,8,52,13
clock_03392.jpg,7,57,20
clock_03393.jpg,0,6,19
clock_03394.jpg,1,48,30
clock_03395.jpg,8,34,35
clock_03396.jpg,11,24,37
clock_03397.jpg,5,46,32
clock_03398.jpg,11,27,23
clock_03399.jpg,0,0,42
clock_03400.jpg,5,8,4
clock_03401.jpg,5,13,46
clock_03402.jpg,2,38,9
clock_03403.jpg,5,29,58
clock_03404.jpg,11,29,22
clock_03405.jpg,10,56,50
clock_03406.jpg,4,42,48
clock_03407.jpg,3,32,32
clock_03408.jpg,11,24,44
clock_03409.jpg,11,24,25
clock_03410.jpg,10,0,15
clock_03411.jpg,1,47,8
clock_03412.jpg,0,25,53
clock_03413.jpg,9,53,36
clock_03414.jpg,10,43,13
clock_03415.jpg,0,17,29
clock_03416.jpg,10,30,50
clock_03417.jpg,7,42,58
clock_03418.jpg,5,42,55
clock_03419.jpg,5,47,6
clock_03420.jpg,9,6,34
clock_03421.jpg,0,30,12
clock_03422.jpg,2,33,19
clock_03423.jpg,1,43,33
clock_03424.jpg,1,38,39
clock_03425.jpg,6,4,21
clock_03426.jpg,2,55,9
clock_03427.jpg,0,52,3
clock_03428.jpg,2,32,58
clock_03429.jpg,10,35,55
clock_03430.jpg,7,32,50
clock_03431.jpg,4,22,40
clock_03432.jpg,5,4,2
clock_03433.jpg,5,51,54
clock_03434.jpg,4,56,32
clock_03435.jpg,8,29,9
clock_03436.jpg,5,31,47
clock_03437.jpg,4,13,49
clock_03438.jpg,0,34,59
clock_03439.jpg,3,54,48
clock_03440.jpg,3,55,9
clock_03441.jpg,10,20,51
clock_03442.jpg,0,51,52
clock_03443.jpg,6,24,34
clock_03444.jpg,7,59,47
clock_03445.jpg,3,22,39
clock_03446.jpg,0,44,15
clock_03447.jpg,6,32,9
clock_03448.jpg,5,40,59
clock_03449.jpg,7,30,13
clock_03450.jpg,8,1,40
clock_03451.jpg,1,5,16
clock_03452.jpg,6,19,58
clock_03453.jpg,8,58,12
clock_03454.jpg,3,33,13
clock_03455.jpg,10,45,24
clock_03456.jpg,10,56,4
clock_03457.jpg,9,21,7
clock_03458.jpg,5,29,32
clock_03459.jpg,2,37,4
clock_03460.jpg,4,30,47
clock_03461.jpg,7,11,48
clock_03462.jpg,7,43,16
clock_03463.jpg,9,19,47
clock_03464.jpg,4,23,56
clock_03465.jpg,1,4,31
clock_03466.jpg,3,27,58
clock_03467.jpg,9,21,28
clock_03468.jpg,4,8,18
clock_03469.jpg,5,46,28
clock_03470.jpg,9,32,49
clock_03471.jpg,11,3,40
clock_03472.jpg,11,16,36
clock_03473.jpg,9,41,3
clock_03474.jpg,4,16,44
clock_03475.jpg,0,16,1
clock_03476.jpg,0,38,17
clock_03477.jpg,1,40,2
clock_03478.jpg,4,34,4
clock_03479.jpg,1,18,49
clock_03480.jpg,8,13,1
clock_03481.jpg,1,28,40
clock_03482.jpg,3,28,45
clock_03483.jpg,3,8,29
clock_03484.jpg,1,14,23
clock_03485.jpg,11,23,28
clock_03486.jpg,4,14,48
clock_03487.jpg,6,5,17
clock_03488.jpg,0,4,2
clock_03489.jpg,4,10,43
clock_03490.jpg,7,34,49
clock_03491.jpg,6,4,21
clock_03492.jpg,8,3,26
clock_03493.jpg,4,51,48
clock_03494.jpg,2,27,39
clock_03495.jpg,6,40,17
clock_03496.jpg,0,57,6
clock_03497.jpg,0,36,30
clock_03498.jpg,9,56,7
clock_03499.jpg,7,35,46
clock_03500.jpg,1,28,56
clock_03501.jpg,9,40,48
clock_03502.jpg,2,59,16
clock_03503.jpg,4,55,52
clock_03504.jpg,10,26,17
clock_03505.jpg,2,42,13
clock_03506.jpg,9,8,1
clock_03507.jpg,7,48,49
clock_03508.jpg,1,27,15
clock_03509.jpg,11,59,25
clock_03510.jpg,9,22,19
clock_03511.jpg,11,36,0
clock_03512.jpg,8,19,56
clock_03513.jpg,10,25,19
clock_03514.jpg,2,41,21
clock_03515.jpg,7,38,39
clock_03516.jpg,1,59,12
clock_03517.jpg,11,37,41
clock_03518.jpg,8,45,38
clock_03519.jpg,3,14,10
clock_03520.jpg,3,38,55
clock_03521.jpg,9,17,49
clock_03522.jpg,1,30,26
clock_03523.jpg,9,46,56
clock_03524.jpg,2,8,9
clock_03525.jpg,9,8,15
clock_03526.jpg,6,22,3
clock_03527.jpg,2,14,55
clock_03528.jpg,6,21,59
clock_03529.jpg,7,48,1
clock_03530.jpg,10,32,32
clock_03531.jpg,11,53,26
clock_03532.jpg,2,6,17
clock_03533.jpg,4,14,42
clock_03534.jpg,6,39,27
clock_03535.jpg,1,35,4
clock_03536.jpg,6,18,40
clock_03537.jpg,0,41,17
clock_03538.jpg,0,41,58
clock_03539.jpg,0,45,50
clock_03540.jpg,1,45,25
clock_03541.jpg,8,20,44
clock_03542.jpg,8,59,24
clock_03543.jpg,10,14,1
clock_03544.jpg,7,13,4
clock_03545.jpg,4,6,39
clock_03546.jpg,6,58,42
clock_03547.jpg,4,24,54
clock_03548.jpg,7,54,31
clock_03549.jpg,4,26,38
clock_03550.jpg,2,24,21
clock_03551.jpg,3,42,58
clock_03552.jpg,10,27,5
clock_03553.jpg,9,37,0
clock_03554.jpg,8,12,48
clock_03555.jpg,9,2,12
clock_03556.jpg,2,5,31
clock_03557.jpg,7,16,21
clock_03558.jpg,5,27,21
clock_03559.jpg,11,33,27
clock_03560.jpg,2,46,32
clock_03561.jpg,3,57,41
clock_03562.jpg,7,26,10
clock_03563.jpg,8,47,53
clock_03564.jpg,0,8,51
clock_03565.jpg,5,36,56
clock_03566.jpg,7,7,4
clock_03567.jpg,9,52,29
clock_03568.jpg,5,54,57
clock_03569.jpg,8,31,54
clock_03570.jpg,3,30,46
clock_03571.jpg,6,25,25
clock_03572.jpg,5,36,49
clock_03573.jpg,0,47,28
clock_03574.jpg,0,59,9
clock_03575.jpg,4,22,9
clock_03576.jpg,11,25,56
clock_03577.jpg,9,43,5
clock_03578.jpg,5,4,58
clock_03579.jpg,3,45,3
clock_03580.jpg,3,8,56
clock_03581.jpg,7,7,42
clock_03582.jpg,4,14,15
clock_03583.jpg,2,31,16
clock_03584.jpg,1,40,57
clock_03585.jpg,7,35,47
clock_03586.jpg,7,17,41
clock_03587.jpg,4,29,13
clock_03588.jpg,11,53,19
clock_03589.jpg,3,51,49
clock_03590.jpg,3,38,3
clock_03591.jpg,0,54,42
clock_03592.jpg,4,57,57
clock_03593.jpg,5,56,1
clock_03594.jpg,1,2,4
clock_03595.jpg,5,38,16
clock_03596.jpg,0,45,15
clock_03597.jpg,5,1,13
clock_03598.jpg,9,42,28
clock_03599.jpg,8,23,2
clock_03600.jpg,8,9,12
clock_03601.jpg,7,25,49
clock_03602.jpg,5,36,30
clock_03603.jpg,9,53,49
clock_03604.jpg,9,7,42
clock_03605.jpg,9,13,3
clock_03606.jpg,6,53,43
clock_03607.jpg,0,2,35
clock_03608.jpg,0,55,46
clock_03609.jpg,9,53,39
clock_03610.jpg,3,15,47
clock_03611.jpg,10,0,9
clock_03612.jpg,3,19,54
clock_03613.jpg,7,22,58
clock_03614.jpg,6,15,51
clock_03615.jpg,1,31,1
clock_03616.jpg,11,13,48
clock_03617.jpg,0,9,8
clock_03618.jpg,9,16,42
clock_03619.jpg,3,3,51
clock_03620.jpg,0,5,11
clock_03621.jpg,9,17,1
clock_03622.jpg,10,9,59
clock_03623.jpg,0,2,53
clock_03624.jpg,0,47,5
clock_03625.jpg,4,1,51
clock_03626.jpg,1,30,26
clock_03627.jpg,2,17,26
clock_03628.jpg,0,12,0
clock_03629.jpg,8,39,26
clock_03630.jpg,3,0,38
clock_03631.jpg,8,35,46
clock_03632.jpg,4,58,27
clock_03633.jpg,1,58,56
clock_03634.jpg,1,14,5
clock_03635.jpg,6,0,53
clock_03636.jpg,9,18,43
clock_03637.jpg,9,42,22
clock_03638.jpg,2,22,52
clock_03639.jpg,0,39,0
clock_03640.jpg,5,5,21
clock_03641.jpg,9,59,34
clock_03642.jpg,1,35,19
clock_03643.jpg,4,24,26
clock_03644.jpg,11,57,54
clock_03645.jpg,0,54,2
clock_03646.jpg,3,49,37
clock_03647.jpg,9,26,41
clock_03648.jpg,9,34,38
clock_03649.jpg,2,8,20
clock_03650.jpg,11,41,5
clock_03651.jpg,4,8,22
clock_03652.jpg,11,24,49
clock_03653.jpg,9,53,41
clock_03654.jpg,4,26,47
clock_03655.jpg,3,34,4
clock_03656.jpg,4,49,56
clock_03657.jpg,0,51,7
clock_03658.jpg,0,40,21
clock_03659.jpg,8,32,16
clock_03660.jpg,8,18,53
clock_03661.jpg,2,21,55
clock_03662.jpg,5,5,55
clock_03663.jpg,10,41,33
clock_03664.jpg,6,37,34
clock_03665.jpg,10,45,5
clock_03666.jpg,6,41,51
clock_03667.jpg,7,30,18
clock_03668.jpg,9,39,39
clock_03669.jpg,11,24,56
clock_03670.jpg,4,6,31
clock_03671.jpg,5,30,37
clock_03672.jpg,10,35,37
clock_03673.jpg,1,49,1
clock_03674.jpg,7,20,5
clock_03675.jpg,4,4,23
clock_03676.jpg,10,2,5
clock_03677.jpg,1,20,41
clock_03678.jpg,9,7,34
clock_03679.jpg,0,45,32
clock_03680.jpg,2,19,22
clock_03681.jpg,4,49,7
clock_03682.jpg,4,3,3
clock_03683.jpg,0,27,45
clock_03684.jpg,1,21,29
clock_03685.jpg,0,13,18
clock_03686.jpg,0,43,25
clock_03687.jpg,8,11,55
clock_03688.jpg,9,14,54
clock_03689.jpg,6,39,55
clock_03690.jpg,4,47,48
clock_03691.jpg,1,23,40
clock_03692.jpg,8,57,18
clock_03693.jpg,5,43,34
clock_03694.jpg,0,55,20
clock_03695.jpg,2,43,42
clock_03696.jpg,3,56,25
clock_03697.jpg,9,16,44
clock_03698.jpg,9,3,24
clock_03699.jpg,8,45,8
clock_03700.jpg,2,2,37
clock_03701.jpg,3,32,16
clock_03702.jpg,2,58,15
clock_03703.jpg,4,16,2
clock_03704.jpg,1,18,49
clock_03705.jpg,9,11,23
clock_03706.jpg,10,44,47
clock_03707.jpg,1,9,15
clock_03708.jpg,6,45,26
clock_03709.jpg,4,44,6
clock_03710.jpg,8,38,20
clock_03711.jpg,8,27,43
clock_03712.jpg,7,22,45
clock_03713.jpg,10,50,23
clock_03714.jpg,9,57,38
clock_03715.jpg,2,34,12
clock_03716.jpg,1,0,45
clock_03717.jpg,0,38,35
clock_03718.jpg,3,45,5
clock_03719.jpg,10,25,35
clock_03720.jpg,6,40,27
clock_03721.jpg,8,41,13
clock_03722.jpg,9,45,47
clock_03723.jpg,8,45,23
clock_03724.jpg,8,50,37
clock_03725.jpg,0,5,56
clock_03726.jpg,10,3,59
clock_03727.jpg,11,7,13
clock_03728.jpg,8,7,40
clock_03729.jpg,4,56,13
clock_03730.jpg,11,35,23
clock_03731.jpg,8,3,41
clock_03732.jpg,10,15,39
clock_03733.jpg,3,35,17
clock_03734.jpg,8,9,40
clock_03735.jpg,1,18,59
clock_03736.jpg,7,48,30
clock_03737.jpg,8,23,24
clock_03738.jpg,8,13,44
clock_03739.jpg,6,45,52
clock_03740.jpg,1,0,47
clock_03741.jpg,10,42,14
clock_03742.jpg,9,32,54
clock_03743.jpg,10,12,49
clock_03744.jpg,3,53,41
clock_03745.jpg,7,53,28
clock_03746.jpg,3,41,2
clock_03747.jpg,2,12,8
clock_03748.jpg,1,4,16
clock_03749.jpg,3,58,43
clock_03750.jpg,6,53,48
clock_03751.jpg,4,7,7
clock_03752.jpg,6,52,30
clock_03753.jpg,5,53,5
clock_03754.jpg,4,4,41
clock_03755.jpg,1,57,34
clock_03756.jpg,2,41,53
clock_03757.jpg,10,27,57
clock_03758.jpg,6,19,46
clock_03759.jpg,11,15,26
clock_03760.jpg,7,11,21
clock_03761.jpg,8,32,2
clock_03762.jpg,1,26,12
clock_03763.jpg,0,7,28
clock_03764.jpg,11,29,18
clock_03765.jpg,8,39,55
clock_03766.jpg,11,17,56
clock_03767.jpg,3,26,29
clock_03768.jpg,9,43,58
clock_03769.jpg,2,1,26
clock_03770.jpg,5,6,56
clock_03771.jpg,4,9,16
clock_03772.jpg,1,21,0
clock_03773.jpg,0,9,20
clock_03774.jpg,2,15,17
clock_03775.jpg,2,41,43
clock_03776.jpg,7,34,13
clock_03777.jpg,2,10,21
clock_03778.jpg,9,13,18
clock_03779.jpg,9,29,21
clock_03780.jpg,10,18,32
clock_03781.jpg,7,29,43
clock_03782.jpg,8,3,13
clock_03783.jpg,2,40,26
clock_03784.jpg,2,26,31
clock_03785.jpg,7,9,3
clock_03786.jpg,6,6,4
clock_03787.jpg,5,48,14
clock_03788.jpg,5,39,28
clock_03789.jpg,0,46,29
clock_03790.jpg,4,23,44
clock_03791.jpg,1,18,3
clock_03792.jpg,7,19,45
clock_03793.jpg,2,47,12
clock_03794.jpg,1,14,18
clock_03795.jpg,10,49,58
clock_03796.jpg,10,33,33
clock_03797.jpg,11,1,4
clock_03798.jpg,6,53,0
clock_03799.jpg,1,49,3
clock_03800.jpg,2,10,14
clock_03801.jpg,3,20,22
clock_03802.jpg,6,46,18
clock_03803.jpg,4,35,46
clock_03804.jpg,10,5,7
clock_03805.jpg,5,48,46
clock_03806.jpg,5,35,48
clock_03807.jpg,9,29,59
clock_03808.jpg,10,35,26
clock_03809.jpg,8,7,19
clock_03810.jpg,0,19,42
clock_03811.jpg,0,6,52
clock_03812.jpg,3,29,6
clock_03813.jpg,7,28,42
clock_03814.jpg,1,18,59
clock_03815.jpg,11,26,27
clock_03816.jpg,0,38,28
clock_03817.jpg,3,58,46
clock_03818.jpg,7,31,22
clock_03819.jpg,6,18,26
clock_03820.jpg,10,31,12
clock_03821.jpg,6,43,3
clock_03822.jpg,2,23,45
clock_03823.jpg,9,4,9
clock_03824.jpg,5,16,13
clock_03825.jpg,8,30,5
clock_03826.jpg,1,40,27
clock_03827.jpg,9,27,21
clock_03828.jpg,3,1,19
clock_03829.jpg,3,37,52
clock_03830.jpg,10,15,1
clock_03831.jpg,8,37,47
clock_03832.jpg,4,59,54
clock_03833.jpg,0,29,1
clock_03834.jpg,5,39,41
clock_03835.jpg,9,25,59
clock_03836.jpg,5,4,18
clock_03837.jpg,9,6,25
clock_03838.jpg,2,30,39
clock_03839.jpg,8,32,58
clock_03840.jpg,2,39,39
clock_03841.jpg,5,0,25
clock_03842.jpg,4,10,27
clock_03843.jpg,10,51,19
clock_03844.jpg,8,59,58
clock_03845.jpg,2,56,49
clock_03846.jpg,2,53,41
clock_03847.jpg,9,4,21
clock_03848.jpg,11,13,5
clock_03849.jpg,7,49,9
clock_03850.jpg,7,28,44
clock_03851.jpg,4,42,16
clock_03852.jpg,4,26,3
clock_03853.jpg,6,40,14
clock_03854.jpg,7,22,48
clock_03855.jpg,9,10,8
clock_03856.jpg,11,30,3
clock_03857.jpg,4,31,47
clock_03858.jpg,6,2,59
clock_03859.jpg,7,30,46
clock_03860.jpg,7,38,8
clock_03861.jpg,0,36,43
clock_03862.jpg,9,17,15
clock_03863.jpg,6,31,38
clock_03864.jpg,7,54,10
clock_03865.jpg,3,55,34
clock_03866.jpg,5,43,59
clock_03867.jpg,0,40,36
clock_03868.jpg,9,31,34
clock_03869.jpg,5,37,29
clock_03870.jpg,2,21,35
clock_03871.jpg,8,20,45
clock_03872.jpg,1,56,42
clock_03873.jpg,9,17,14
clock_03874.jpg,10,39,9
clock_03875.jpg,11,53,31
clock_03876.jpg,6,7,15
clock_03877.jpg,8,48,40
clock_03878.jpg,5,43,16
clock_03879.jpg,10,50,55
clock_03880.jpg,3,26,30
clock_03881.jpg,8,50,51
clock_03882.jpg,9,2,49
clock_03883.jpg,6,52,49
clock_03884.jpg,11,27,37
clock_03885.jpg,5,59,34
clock_03886.jpg,8,12,43
clock_03887.jpg,0,34,54
clock_03888.jpg,1,31,5
clock_03889.jpg,0,8,20
clock_03890.jpg,10,55,27
clock_03891.jpg,4,39,37
clock_03892.jpg,7,32,57
clock_03893.jpg,0,18,16
clock_03894.jpg,9,52,33
clock_03895.jpg,11,52,6
clock_03896.jpg,8,11,1
clock_03897.jpg,8,59,16
clock_03898.jpg,2,6,28
clock_03899.jpg,8,43,55
clock_03900.jpg,0,50,37
clock_03901.jpg,8,43,59
clock_03902.jpg,2,38,42
clock_03903.jpg,1,49,50
clock_03904.jpg,11,50,3
clock_03905.jpg,9,39,37
clock_03906.jpg,3,35,43
clock_03907.jpg,9,1,43
clock_03908.jpg,1,47,8
clock_03909.jpg,7,39,8
clock_03910.jpg,11,22,45
clock_03911.jpg,7,25,21
clock_03912.jpg,11,30,56
clock_03913.jpg,9,23,41
clock_03914.jpg,5,18,46
clock_03915.jpg,10,19,48
clock_03916.jpg,8,25,37
clock_03917.jpg,10,40,26
clock_03918.jpg,4,42,53
clock_03919.jpg,7,17,30
clock_03920.jpg,8,52,1
clock_03921.jpg,4,53,42
clock_03922.jpg,0,24,52
clock_03923.jpg,3,21,52
clock_03924.jpg,9,59,10
clock_03925.jpg,9,49,59
clock_03926.jpg,10,11,20
clock_03927.jpg,11,33,38
clock_03928.jpg,8,4,13
clock_03929.jpg,6,33,37
clock_03930.jpg,4,42,35
clock_03931.jpg,5,59,11
clock_03932.jpg,9,6,23
clock_03933.jpg,7,39,33
clock_03934.jpg,8,50,34
clock_03935.jpg,9,6,12
clock_03936.jpg,11,9,35
clock_03937.jpg,8,24,44
clock_03938.jpg,1,23,41
clock_03939.jpg,10,0,51
clock_03940.jpg,9,42,42
clock_03941.jpg,3,30,50
clock_03942.jpg,3,0,26
clock_03943.jpg,2,43,42
clock_03944.jpg,2,19,50
clock_03945.jpg,1,10,51
clock_03946.jpg,10,3,5
clock_03947.jpg,5,40,7
clock_03948.jpg,5,25,26
clock_03949.jpg,10,10,57
clock_03950.jpg,2,11,23
clock_03951.jpg,11,8,43
clock_03952.jpg,2,29,22
clock_03953.jpg,10,42,5
clock_03954.jpg,1,13,41
clock_03955.jpg,3,33,49
clock_03956.jpg,11,52,50
clock_03957.jpg,1,49,52
clock_03958.jpg,4,48,21
clock_03959.jpg,5,40,24
clock_03960.jpg,4,28,29
clock_03961.jpg,6,59,27
clock_03962.jpg,9,10,36
clock_03963.jpg,1,6,4
clock_03964.jpg,3,2,24
clock_03965.jpg,9,33,13
clock_03966.jpg,7,12,25
clock_03967.jpg,6,18,46
clock_03968.jpg,9,20,20
clock_03969.jpg,11,16,40
clock_03970.jpg,10,25,52
clock_03971.jpg,3,27,55
clock_03972.jpg,6,10,10
clock_03973.jpg,5,16,35
clock_03974.jpg,4,23,13
clock_03975.jpg,7,46,39
clock_03976.jpg,3,26,42
clock_03977.jpg,5,23,37
clock_03978.jpg,5,59,4
clock_03979.jpg,10,25,8
clock_03980.jpg,0,51,35
clock_03981.jpg,3,6,39
clock_03982.jpg,1,52,28
clock_03983.jpg,10,14,57
clock_03984.jpg,3,12,25
clock_03985.jpg,8,17,4
clock_03986.jpg,4,48,24
clock_03987.jpg,2,23,54
clock_03988.jpg,10,10,13
clock_03989.jpg,4,38,16
clock_03990.jpg,4,34,25
clock_03991.jpg,11,38,41
clock_03992.jpg,1,36,11
clock_03993.jpg,2,56,10
clock_03994.jpg,11,42,58
clock_03995.jpg,3,23,43
clock_03996.jpg,10,28,5
clock_03997.jpg,2,39,25
clock_03998.jpg,1,46,55
clock_03999.jpg,11,14,33
clock_04000.jpg,2,26,48
clock_04001.jpg,9,14,46
clock_04002.jpg,11,12,9
clock_04003.jpg,4,47,44
clock_04004.jpg,7,0,56
clock_04005.jpg,3,36,14
clock_04006.jpg,11,22,11
clock_04007.jpg,5,12,38
clock_04008.jpg,11,26,0
clock_04009.jpg,6,17,28
clock_04010.jpg,1,56,56
clock_04011.jpg,4,54,12
clock_04012.jpg,11,55,31
clock_04013.jpg,2,46,7
clock_04014.jpg,6,54,12
clock_04015.jpg,9,42,48
clock_04016.jpg,7,1,57
clock_04017.jpg,0,1,12
clock_04018.jpg,8,39,45
clock_04019.jpg,3,53,26
clock_04020.jpg,8,25,49
clock_04021.jpg,1,18,29
clock_04022.jpg,1,17,43
clock_04023.jpg,10,25,2
clock_04024.jpg,4,7,45
clock_04025.jpg,2,5,24
clock_04026.jpg,8,50,17
clock_04027.jpg,7,32,48
clock_04028.jpg,9,57,43
clock_04029.jpg,2,8,44
clock_04030.jpg,7,48,14
clock_04031.jpg,10,28,46
clock_04032.jpg,10,26,29
clock_04033.jpg,3,44,1
clock_04034.jpg,4,3,37
clock_04035.jpg,3,2,49
clock_04036.jpg,3,46,26
clock_04037.jpg,2,18,46
clock_04038.jpg,3,0,47
clock_04039.jpg,1,29,17
clock_04040.jpg,7,57,41
clock_04041.jpg,8,38,43
clock_04042.jpg,4,51,59
clock_04043.jpg,9,27,14
clock_04044.jpg,9,37,5
clock_04045.jpg,7,37,42
clock_04046.jpg,10,44,25
clock_04047.jpg,3,40,37
clock_04048.jpg,11,47,16
clock_04049.jpg,8,15,30
clock_04050.jpg,5,20,0
clock_04051.jpg,8,17,19
clock_04052.jpg,0,34,30
clock_04053.jpg,5,50,37
clock_04054.jpg,3,25,10
clock_04055.jpg,1,53,41
clock_04056.jpg,7,25,57
clock_04057.jpg,6,12,26
clock_04058.jpg,6,48,5
clock_04059.jpg,0,40,48
clock_04060.jpg,5,28,48
clock_04061.jpg,3,43,26
clock_04062.jpg,4,57,12
clock_04063.jpg,8,49,10
clock_04064.jpg,9,57,28
clock_04065.jpg,2,55,23
clock_04066.jpg,10,1,4
clock_04067.jpg,0,44,10
clock_04068.jpg,0,53,31
clock_04069.jpg,6,31,48
clock_04070.jpg,11,47,28
clock_04071.jpg,4,39,17
clock_04072.jpg,3,50,17
clock_04073.jpg,2,33,13
clock_04074.jpg,1,12,35
clock_04075.jpg,10,48,30
clock_04076.jpg,2,7,21
clock_04077.jpg,0,20,37
clock_04078.jpg,11,11,52
clock_04079.jpg,7,28,15
clock_04080.jpg,5,7,0
clock_04081.jpg,4,41,6
clock_04082.jpg,9,38,29
clock_04083.jpg,0,29,22
clock_04084.jpg,0,32,15
clock_04085.jpg,1,25,49
clock_04086.jpg,9,47,30
clock_04087.jpg,5,45,47
clock_04088.jpg,3,45,57
clock_04089.jpg,0,48,35
clock_04090.jpg,10,53,3
clock_04091.jpg,9,26,50
clock_04092.jpg,2,24,12
clock_04093.jpg,3,25,44
clock_04094.jpg,3,58,2
clock_04095.jpg,4,14,16
clock_04096.jpg,4,57,17
clock_04097.jpg,5,35,37
clock_04098.jpg,5,46,4
clock_04099.jpg,11,48,19
clock_04100.jpg,0,13,50
clock_04101.jpg,6,19,40
clock_04102.jpg,6,53,24
clock_04103.jpg,10,18,11
clock_04104.jpg,7,6,28
clock_04105.jpg,2,0,12
clock_04106.jpg,5,7,58
clock_04107.jpg,6,42,52
clock_04108.jpg,7,58,16
clock_04109.jpg,5,50,55
clock_04110.jpg,10,11,1
clock_04111.jpg,10,55,53
clock_04112.jpg,2,25,0
clock_04113.jpg,8,5,23
clock_04114.jpg,8,54,48
clock_04115.jpg,10,5,45
clock_04116.jpg,0,22,11
clock_04117.jpg,7,40,32
clock_04118.jpg,6,34,7
clock_04119.jpg,4,27,28
clock_04120.jpg,7,3,33
clock_04121.jpg,3,25,10
clock_04122.jpg,0,55,34
clock_04123.jpg,2,42,12
clock_04124.jpg,3,19,36
clock_04125.jpg,3,6,15
clock_04126.jpg,4,47,35
clock_04127.jpg,2,57,49
clock_04128.jpg,10,55,8
clock_04129.jpg,4,22,33
clock_04130.jpg,10,49,30
clock_04131.jpg,5,15,39
clock_04132.jpg,10,45,49
clock_04133.jpg,8,37,26
clock_04134.jpg,10,25,26
clock_04135.jpg,11,1,29
clock_04136.jpg,10,19,25
clock_04137.jpg,4,1,43
clock_04138.jpg,8,19,17
clock_04139.jpg,1,17,17
clock_04140.jpg,3,51,54
clock_04141.jpg,3,30,39
clock_04142.jpg,5,5,5
clock_04143.jpg,1,10,44
clock_04144.jpg,6,56,3
clock_04145.jpg,7,19,39
clock_04146.jpg,1,13,49
clock_04147.jpg,4,4,44
clock_04148.jpg,2,55,1
clock_04149.jpg,8,52,16
clock_04150.jpg,6,51,0
clock_04151.jpg,0,30,39
clock_04152.jpg,10,33,32
clock_04153.jpg,6,14,0
clock_04154.jpg,5,58,54
clock_04155.jpg,2,54,34
clock_04156.jpg,11,1,34
clock_04157.jpg,9,25,23
clock_04158.jpg,7,29,25
clock_04159.jpg,9,35,48
clock_04160.jpg,2,15,46
clock_04161.jpg,6,27,42
clock_04162.jpg,7,1,35
clock_04163.jpg,4,11,27
clock_04164.jpg,9,43,40
clock_04165.jpg,1,34,15
clock_04166.jpg,11,51,18
clock_04167.jpg,3,57,21
clock_04168.jpg,8,35,59
clock_04169.jpg,7,59,27
clock_04170.jpg,8,2,32
clock_04171.jpg,2,59,36
clock_04172.jpg,8,48,17
clock_04173.jpg,5,39,59
clock_04174.jpg,7,0,48
clock_04175.jpg,5,19,58
clock_04176.jpg,0,27,49
clock_04177.jpg,1,36,36
clock_04178.jpg,10,29,4
clock_04179.jpg,5,10,36
clock_04180.jpg,11,8,23
clock_04181.jpg,3,23,25
clock_04182.jpg,8,17,35
clock_04183.jpg,1,5,51
clock_04184.jpg,6,27,51
clock_04185.jpg,3,41,50
clock_04186.jpg,9,28,35
clock_04187.jpg,5,38,27
clock_04188.jpg,6,0,37
clock_04189.jpg,0,47,9
clock_04190.jpg,11,55,2
clock_04191.jpg,1,7,23
clock_04192.jpg,3,41,38
clock_04193.jpg,4,29,27
clock_04194.jpg,11,33,11
clock_04195.jpg,5,16,56
clock_04196.jpg,4,29,7
clock_04197.jpg,9,21,30
clock_04198.jpg,2,7,52
clock_04199.jpg,5,42,11
clock_04200.jpg,8,23,38
clock_04201.jpg,11,22,32
clock_04202.jpg,9,51,59
clock_04203.jpg,2,44,35
clock_04204.jpg,3,45,19
clock_04205.jpg,9,53,2
clock_04206.jpg,2,37,14
clock_04207.jpg,2,25,17
clock_04208.jpg,2,23,50
clock_04209.jpg,4,29,11
clock_04210.jpg,7,51,20
clock_04211.jpg,11,6,12
clock_04212.jpg,3,50,21
clock_04213.jpg,0,42,46
clock_04214.jpg,10,20,17
clock_04215.jpg,2,55,12
clock_04216.jpg,1,27,44
clock_04217.jpg,8,4,27
clock_04218.jpg,4,21,8
clock_04219.jpg,10,5,51
clock_04220.jpg,5,18,49
clock_04221.jpg,11,43,14
clock_04222.jpg,6,47,55
clock_04223.jpg,3,1,18
clock_04224.jpg,2,38,54
clock_04225.jpg,0,21,50
clock_04226.jpg,10,28,54
clock_04227.jpg,7,54,24
clock_04228.jpg,9,24,48
clock_04229.jpg,7,25,17
clock_04230.jpg,4,39,9
clock_04231.jpg,7,50,34
clock_04232.jpg,6,27,7
clock_04233.jpg,9,31,35
clock_04234.jpg,4,14,33
clock_04235.jpg,2,0,3
clock_04236.jpg,11,49,50
clock_04237.jpg,1,14,32
clock_04238.jpg,5,12,49
clock_04239.jpg,11,43,46
clock_04240.jpg,7,30,27
clock_04241.jpg,9,16,27
clock_04242.jpg,0,36,16
clock_04243.jpg,7,27,23
clock_04244.jpg,6,52,30
clock_04245.jpg,8,1,42
clock_04246.jpg,0,41,27
clock_04247.jpg,7,14,1
clock_04248.jpg,4,40,7
clock_04249.jpg,6,25,55
clock_04250.jpg,7,40,29
clock_04251.jpg,9,56,52
clock_04252.jpg,7,28,57
clock_04253.jpg,9,13,11
clock_04254.jpg,0,52,50
clock_04255.jpg,5,33,20
clock_04256.jpg,6,36,2
clock_04257.jpg,10,18,1
clock_04258.jpg,9,9,14
clock_04259.jpg,2,53,20
clock_04260.jpg,11,33,37
clock_04261.jpg,1,20,53
clock_04262.jpg,7,59,4
clock_04263.jpg,8,17,55
clock_04264.jpg,0,30,18
clock_04265.jpg,2,34,24
clock_04266.jpg,8,11,7
clock_04267.jpg,10,27,11
clock_04268.jpg,10,24,49
clock_04269.jpg,8,40,39
clock_04270.jpg,1,37,9
clock_04271.jpg,1,36,47
clock_04272.jpg,6,25,31
clock_04273.jpg,3,35,18
clock_04274.jpg,11,46,20
clock_04275.jpg,0,38,52
clock_04276.jpg,6,8,37
clock_04277.jpg,8,39,56
clock_04278.jpg,1,23,0
clock_04279.jpg,10,40,25
clock_04280.jpg,5,29,24
clock_04281.jpg,5,23,57
clock_04282.jpg,6,19,46
clock_04283.jpg,9,7,34
clock_04284.jpg,8,57,12
clock_04285.jpg,7,23,3
clock_04286.jpg,9,53,3
clock_04287.jpg,0,8,11
clock_04288.jpg,1,11,57
clock_04289.jpg,1,48,21
clock_04290.jpg,10,57,51
clock_04291.jpg,7,14,27
clock_04292.jpg,5,48,44
clock_04293.jpg,10,33,11
clock_04294.jpg,1,54,29
clock_04295.jpg,11,53,7
clock_04296.jpg,5,33,31
clock_04297.jpg,8,44,2
clock_04298.jpg,10,0,28
clock_04299.jpg,9,40,9
clock_04300.jpg,1,25,58
clock_04301.jpg,6,26,26
clock_04302.jpg,11,10,27
clock_04303.jpg,11,51,19
clock_04304.jpg,5,47,43
clock_04305.jpg,3,46,55
clock_04306.jpg,0,24,0
clock_04307.jpg,8,49,49
clock_04308.jpg,1,50,4
clock_04309.jpg,8,38,28
clock_04310.jpg,5,34,39
clock_04311.jpg,10,29,35
clock_04312.jpg,1,42,14
clock_04313.jpg,2,4,6
clock_04314.jpg,5,4,41
clock_04315.jpg,10,40,15
clock_04316.jpg,1,4,5
clock_04317.jpg,3,25,15
clock_04318.jpg,7,24,5
clock_04319.jpg,6,14,52
clock_04320.jpg,11,37,44
clock_04321.jpg,10,23,46
clock_04322.jpg,8,19,55
clock_04323.jpg,1,44,20
clock_04324.jpg,5,29,31
clock_04325.jpg,3,29,23
clock_04326.jpg,8,50,18
clock_04327.jpg,0,19,19
clock_04328.jpg,9,4,13
clock_04329.jpg,8,31,29
clock_04330.jpg,0,2,57
clock_04331.jpg,2,50,3
clock_04332.jpg,3,45,9
clock_04333.jpg,6,35,43
clock_04334.jpg,1,46,33
clock_04335.jpg,10,37,16
clock_04336.jpg,5,9,36
clock_04337.jpg,3,53,11
clock_04338.jpg,9,22,58
clock_04339.jpg,9,42,16
clock_04340.jpg,0,38,10
clock_04341.jpg,9,6,36
clock_04342.jpg,10,11,19
clock_04343.jpg,8,11,41
clock_04344.jpg,5,51,7
clock_04345.jpg,11,39,14
clock_04346.jpg,4,34,34
clock_04347.jpg,3,26,40
clock_04348.jpg,9,53,17
clock_04349.jpg,8,3,25
clock_04350.jpg,9,51,2
clock_04351.jpg,8,8,2
clock_04352.jpg,8,6,39
clock_04353.jpg,1,6,8
clock_04354.jpg,3,33,57
clock_04355.jpg,6,46,40
clock_04356.jpg,5,48,53
clock_04357.jpg,8,32,32
clock_04358.jpg,2,26,41
clock_04359.jpg,2,19,16
clock_04360.jpg,0,12,8
clock_04361.jpg,3,21,42
clock_04362.jpg,3,37,36
clock_04363.jpg,2,32,10
clock_04364.jpg,1,49,7
clock_04365.jpg,8,16,26
clock_04366.jpg,10,27,46
clock_04367.jpg,9,9,19
clock_04368.jpg,0,22,53
clock_04369.jpg,6,1,40
clock_04370.jpg,7,29,28
clock_04371.jpg,4,41,43
clock_04372.jpg,7,51,47
clock_04373.jpg,0,42,12
clock_04374.jpg,7,30,24
clock_04375.jpg,10,3,38
clock_04376.jpg,7,18,0
clock_04377.jpg,10,19,59
clock_04378.jpg,7,37,59
clock_04379.jpg,10,25,38
clock_04380.jpg,2,21,21
clock_04381.jpg,2,16,27
clock_04382.jpg,10,48,35
clock_04383.jpg,9,38,48
clock_04384.jpg,6,44,51
clock_04385.jpg,4,25,24
clock_04386.jpg,4,54,7
clock_04387.jpg,10,25,35
clock_04388.jpg,11,37,43
clock_04389.jpg,11,28,49
clock_04390.jpg,9,57,4
clock_04391.jpg,11,52,51
clock_04392.jpg,6,36,0
clock_04393.jpg,8,59,36
clock_04394.jpg,2,24,38
clock_04395.jpg,3,48,39
clock_04396.jpg,0,7,20
clock_04397.jpg,3,43,53
clock_04398.jpg,0,29,23
clock_04399.jpg,3,55,8
clock_04400.jpg,0,39,55
clock_04401.jpg,7,44,10
clock_04402.jpg,8,42,47
clock_04403.jpg,2,2,28
clock_04404.jpg,0,48,2
clock_04405.jpg,3,29,53
clock_04406.jpg,2,9,29
clock_04407.jpg,5,26,10
clock_04408.jpg,4,44,25
clock_04409.jpg,1,6,11
clock_04410.jpg,0,16,53
clock_04411.jpg,0,27,0
clock_04412.jpg,3,53,49
clock_04413.jpg,1,54,7
clock_04414.jpg,1,28,18
clock_04415.jpg,0,17,8
clock_04416.jpg,7,27,20
clock_04417.jpg,3,48,57
clock_04418.jpg,6,47,56
clock_04419.jpg,8,39,35
clock_04420.jpg,0,54,50
clock_04421.jpg,3,28,35
clock_04422.jpg,6,5,52
clock_04423.jpg,6,57,57
clock_04424.jpg,10,25,2
clock_04425.jpg,10,16,27
clock_04426.jpg,7,27,21
clock_04427.jpg,9,19,14
clock_04428.jpg,11,28,38
clock_04429.jpg,6,29,22
clock_04430.jpg,11,42,15
clock_04431.jpg,7,35,7
clock_04432.jpg,7,4,16
clock_04433.jpg,6,44,15
clock_04434.jpg,0,39,20
clock_04435.jpg,7,50,35
clock_04436.jpg,8,48,14
clock_04437.jpg,4,43,51
clock_04438.jpg,6,5,56
clock_04439.jpg,2,29,9
clock_04440.jpg,11,10,6
clock_04441.jpg,6,20,58
clock_04442.jpg,9,28,41
clock_04443.jpg,4,24,7
clock_04444.jpg,5,21,46
clock_04445.jpg,5,29,41
clock_04446.jpg,11,34,18
clock_04447.jpg,5,34,23
clock_04448.jpg,2,14,14
clock_04449.jpg,5,57,19
clock_04450.jpg,3,37,3
clock_04451.jpg,9,34,24
clock_04452.jpg,10,43,3
clock_04453.jpg,11,35,56
clock_04454.jpg,11,21,59
clock_04455.jpg,9,37,54
clock_04456.jpg,0,0,41
clock_04457.jpg,4,55,12
clock_04458.jpg,8,17,50
clock_04459.jpg,4,45,1
clock_04460.jpg,2,51,8
clock_04461.jpg,1,37,58
clock_04462.jpg,6,29,36
clock_04463.jpg,3,10,16
clock_04464.jpg,11,30,2
clock_04465.jpg,5,9,17
clock_04466.jpg,5,12,50
clock_04467.jpg,11,24,26
clock_04468.jpg,5,3,27
clock_04469.jpg,11,21,47
clock_04470.jpg,5,53,41
clock_04471.jpg,3,19,52
clock_04472.jpg,7,42,23
clock_04473.jpg,10,38,51
clock_04474.jpg,10,28,2
clock_04475.jpg,8,25,4
clock_04476.jpg,0,7,2
clock_04477.jpg,0,53,19
clock_04478.jpg,1,23,55
clock_04479.jpg,9,49,19
clock_04480.jpg,2,2,49
clock_04481.jpg,1,57,48
clock_04482.jpg,11,2,15
clock_04483.jpg,1,20,15
clock_04484.jpg,10,33,5
clock_04485.jpg,4,0,41
clock_04486.jpg,8,37,14
clock_04487.jpg,2,44,29
clock_04488.jpg,8,14,7
clock_04489.jpg,3,54,28
clock_04490.jpg,4,38,29
clock_04491.jpg,3,44,18
clock_04492.jpg,8,50,17
clock_04493.jpg,9,8,48
clock_04494.jpg,3,54,14
clock_04495.jpg,4,47,28
clock_04496.jpg,2,43,37
clock_04497.jpg,4,0,3
clock_04498.jpg,11,27,41
clock_04499.jpg,10,25,44
clock_04500.jpg,4,18,48
clock_04501.jpg,3,36,19
clock_04502.jpg,0,38,50
clock_04503.jpg,1,0,36
clock_04504.jpg,10,45,40
clock_04505.jpg,4,49,47
clock_04506.jpg,1,40,22
clock_04507.jpg,9,50,15
clock_04508.jpg,0,17,7
clock_04509.jpg,2,38,17
clock_04510.jpg,7,27,54
clock_04511.jpg,6,8,8
clock_04512.jpg,3,47,13
clock_04513.jpg,4,40,13
clock_04514.jpg,1,55,47
clock_04515.jpg,1,13,43
clock_04516.jpg,9,42,38
clock_04517.jpg,3,27,12
clock_04518.jpg,10,46,6
clock_04519.jpg,10,8,0
clock_04520.jpg,2,3,10
clock_04521.jpg,0,45,26
clock_04522.jpg,8,38,53
clock_04523.jpg,8,17,51
clock_04524.jpg,6,42,59
clock_04525.jpg,7,54,10
clock_04526.jpg,8,18,35
clock_04527.jpg,1,49,26
clock_04528.jpg,10,21,55
clock_04529.jpg,2,23,6
clock_04530.jpg,4,46,28
clock_04531.jpg,7,52,34
clock_04532.jpg,3,52,20
clock_04533.jpg,9,26,30
clock_04534.jpg,10,4,47
clock_04535.jpg,5,30,43
clock_04536.jpg,2,23,27
clock_04537.jpg,8,17,47
clock_04538.jpg,6,12,21
clock_04539.jpg,3,8,14
clock_04540.jpg,11,50,6
clock_04541.jpg,8,55,25
clock_04542.jpg,3,2,30
clock_04543.jpg,10,23,8
clock_04544.jpg,4,54,50
clock_04545.jpg,5,56,9
clock_04546.jpg,3,6,51
clock_04547.jpg,2,12,49
clock_04548.jpg,3,44,15
clock_04549.jpg,11,16,18
clock_04550.jpg,4,52,7
clock_04551.jpg,6,7,5
clock_04552.jpg,7,1,43
clock_04553.jpg,9,55,24
clock_04554.jpg,0,45,37
clock_04555.jpg,5,34,29
clock_04556.jpg,10,5,18
clock_04557.jpg,2,13,35
clock_04558.jpg,5,0,57
clock_04559.jpg,4,34,43
clock_04560.jpg,2,18,3
clock_04561.jpg,1,25,47
clock_04562.jpg,2,8,47
clock_04563.jpg,6,30,5
clock_04564.jpg,10,36,5
clock_04565.jpg,11,44,16
clock_04566.jpg,3,4,41
clock_04567.jpg,2,22,59
clock_04568.jpg,5,31,1
clock_04569.jpg,1,51,58
clock_04570.jpg,6,30,28
clock_04571.jpg,1,56,53
clock_04572.jpg,8,39,5
clock_04573.jpg,6,3,37
clock_04574.jpg,5,13,3
clock_04575.jpg,4,49,38
clock_04576.jpg,5,57,58
clock_04577.jpg,0,17,6
clock_04578.jpg,2,47,9
clock_04579.jpg,7,35,16
clock_04580.jpg,8,32,48
clock_04581.jpg,3,48,59
clock_04582.jpg,11,43,57
clock_04583.jpg,9,2,40
clock_04584.jpg,9,17,43
clock_04585.jpg,0,1,3
clock_04586.jpg,6,24,25
clock_04587.jpg,8,15,54
clock_04588.jpg,10,16,51
clock_04589.jpg,11,58,27
clock_04590.jpg,3,20,41
clock_04591.jpg,4,36,52
clock_04592.jpg,5,4,13
clock_04593.jpg,0,55,56
clock_04594.jpg,2,32,4
clock_04595.jpg,10,43,33
clock_04596.jpg,8,15,22
clock_04597.jpg,1,47,29
clock_04598.jpg,7,49,39
clock_04599.jpg,4,16,51
clock_04600.jpg,9,58,11
clock_04601.jpg,7,45,12
clock_04602.jpg,10,5,8
clock_04603.jpg,9,8,36
clock_04604.jpg,5,59,54
clock_04605.jpg,8,16,14
clock_04606.jpg,2,26,24
clock_04607.jpg,7,56,30
clock_04608.jpg,11,9,7
clock_04609.jpg,8,21,21
clock_04610.jpg,3,11,45
clock_04611.jpg,0,6,49
clock_04612.jpg,1,50,39
clock_04613.jpg,6,14,10
clock_04614.jpg,6,10,21
clock_04615.jpg,0,37,51
clock_04616.jpg,9,34,30
clock_04617.jpg,6,3,40
clock_04618.jpg,9,32,20
clock_04619.jpg,0,45,59
clock_04620.jpg,4,12,47
clock_04621.jpg,3,42,29
clock_04622.jpg,2,5,24
clock_04623.jpg,10,50,13
clock_04624.jpg,0,59,59
clock_04625.jpg,10,3,42
clock_04626.jpg,2,35,2
clock_04627.jpg,5,33,12
clock_04628.jpg,2,12,45
clock_04629.jpg,9,20,49
clock_04630.jpg,5,2,10
clock_04631.jpg,3,57,34
clock_04632.jpg,3,18,45
clock_04633.jpg,9,10,33
clock_04634.jpg,3,29,3
clock_04635.jpg,8,6,59
clock_04636.jpg,3,5,4
clock_04637.jpg,6,13,28
clock_04638.jpg,4,25,13
clock_04639.jpg,7,55,30
clock_04640.jpg,4,8,12
clock_04641.jpg,1,18,9
clock_04642.jpg,6,26,6
clock_04643.jpg,7,22,36
clock_04644.jpg,2,22,41
clock_04645.jpg,1,37,29
clock_04646.jpg,4,4,7
clock_04647.jpg,9,44,46
clock_04648.jpg,8,2,53
clock_04649.jpg,7,25,32
clock_04650.jpg,4,50,42
clock_04651.jpg,11,42,15
clock_04652.jpg,11,24,15
clock_04653.jpg,3,53,41
clock_04654.jpg,9,16,13
clock_04655.jpg,0,10,16
clock_04656.jpg,3,21,26
clock_04657.jpg,11,36,27
clock_04658.jpg,11,39,58
clock_04659.jpg,0,46,52
clock_04660.jpg,2,11,7
clock_04661.jpg,4,41,19
clock_04662.jpg,10,9,51
clock_04663.jpg,3,41,37
clock_04664.jpg,2,52,42
clock_04665.jpg,7,6,58
clock_04666.jpg,2,56,42
clock_04667.jpg,8,40,46
clock_04668.jpg,7,37,17
clock_04669.jpg,9,10,32
clock_04670.jpg,9,0,29
clock_04671.jpg,3,2,6
clock_04672.jpg,2,35,24
clock_04673.jpg,0,47,28
clock_04674.jpg,11,3,31
clock_04675.jpg,4,0,19
clock_04676.jpg,8,38,7
clock_04677.jpg,9,2,0
clock_04678.jpg,7,41,54
clock_04679.jpg,11,23,58
clock_04680.jpg,6,18,34
clock_04681.jpg,8,46,5
clock_04682.jpg,0,46,48
clock_04683.jpg,9,55,6
clock_04684.jpg,7,1,17
clock_04685.jpg,1,40,16
clock_04686.jpg,11,58,26
clock_04687.jpg,10,21,0
clock_04688.jpg,10,6,15
clock_04689.jpg,3,24,23
clock_04690.jpg,0,50,45
clock_04691.jpg,10,38,51
clock_04692.jpg,5,29,41
clock_04693.jpg,10,26,18
clock_04694.jpg,7,56,22
clock_04695.jpg,11,51,33
clock_04696.jpg,6,55,45
clock_04697.jpg,5,46,9
clock_04698.jpg,1,18,32
clock_04699.jpg,1,37,48
clock_04700.jpg,10,36,0
clock_04701.jpg,0,43,5
clock_04702.jpg,2,39,43
clock_04703.jpg,9,47,2
clock_04704.jpg,2,21,10
clock_04705.jpg,0,56,10
clock_04706.jpg,10,39,45
clock_04707.jpg,7,50,43
clock_04708.jpg,1,58,59
clock_04709.jpg,10,0,3
clock_04710.jpg,10,36,36
clock_04711.jpg,5,1,40
clock_04712.jpg,8,27,25
clock_04713.jpg,10,20,39
clock_04714.jpg,7,25,22
clock_04715.jpg,4,57,55
clock_04716.jpg,5,3,37
clock_04717.jpg,11,6,21
clock_04718.jpg,0,20,53
clock_04719.jpg,3,40,13
clock_04720.jpg,1,1,11
clock_04721.jpg,10,33,19
clock_04722.jpg,2,9,44
clock_04723.jpg,4,19,57
clock_04724.jpg,11,6,6
clock_04725.jpg,2,17,21
clock_04726.jpg,5,34,1
clock_04727.jpg,0,51,33
clock_04728.jpg,3,58,36
clock_04729.jpg,3,45,32
clock_04730.jpg,7,58,7
clock_04731.jpg,7,29,27
clock_04732.jpg,1,15,16
clock_04733.jpg,1,31,14
clock_04734.jpg,2,54,40
clock_04735.jpg,5,30,34
clock_04736.jpg,0,10,49
clock_04737.jpg,2,6,6
clock_04738.jpg,6,47,34
clock_04739.jpg,9,52,52
clock_04740.jpg,4,39,25
clock_04741.jpg,0,29,55
clock_04742.jpg,0,14,12
clock_04743.jpg,3,18,14
clock_04744.jpg,1,21,13
clock_04745.jpg,6,36,52
clock_04746.jpg,10,47,48
clock_04747.jpg,3,5,20
clock_04748.jpg,3,51,14
clock_04749.jpg,6,48,3
clock_04750.jpg,0,9,3
clock_04751.jpg,11,24,52
clock_04752.jpg,3,18,15
clock_04753.jpg,0,40,10
clock_04754.jpg,10,20,31
clock_04755.jpg,7,56,24
clock_04756.jpg,8,20,33
clock_04757.jpg,4,50,7
clock_04758.jpg,11,23,41
clock_04759.jpg,7,8,59
clock_04760.jpg,8,40,22
clock_04761.jpg,3,31,52
clock_04762.jpg,9,58,7
clock_04763.jpg,4,40,15
clock_04764.jpg,6,56,24
clock_04765.jpg,0,30,25
clock_04766.jpg,1,37,14
clock_04767.jpg,10,32,18
clock_04768.jpg,3,39,21
clock_04769.jpg,11,21,15
clock_04770.jpg,9,59,14
clock_04771.jpg,1,43,14
clock_04772.jpg,10,24,51
clock_04773.jpg,3,38,15
clock_04774.jpg,10,28,45
clock_04775.jpg,4,59,49
clock_04776.jpg,8,38,39
clock_04777.jpg,5,8,52
clock_04778.jpg,2,52,52
clock_04779.jpg,8,32,39
clock_04780.jpg,0,54,11
clock_04781.jpg,7,39,48
clock_04782.jpg,2,52,6
clock_04783.jpg,11,32,20
clock_04784.jpg,8,20,29
clock_04785.jpg,4,16,29
clock_04786.jpg,10,7,21
clock_04787.jpg,7,49,10
clock_04788.jpg,4,11,7
clock_04789.jpg,10,16,52
clock_04790.jpg,4,1,19
clock_04791.jpg,10,56,31
clock_04792.jpg,5,33,11
clock_04793.jpg,9,55,4
clock_04794.jpg,8,22,27
clock_04795.jpg,3,41,59
clock_04796.jpg,3,27,19
clock_04797.jpg,0,47,47
clock_04798.jpg,5,45,46
clock_04799.jpg,3,47,1
clock_04800.jpg,8,50,24
clock_04801.jpg,2,30,6
clock_04802.jpg,6,30,38
clock_04803.jpg,5,31,3
clock_04804.jpg,11,48,30
clock_04805.jpg,10,37,29
clock_04806.jpg,9,7,13
clock_04807.jpg,1,15,34
clock_04808.jpg,4,53,8
clock_04809.jpg,0,27,4
clock_04810.jpg,1,37,13
clock_04811.jpg,7,55,22
clock_04812.jpg,7,29,53
clock_04813.jpg,7,0,8
clock_04814.jpg,3,42,48
clock_04815.jpg,2,23,30
clock_04816.jpg,9,39,25
clock_04817.jpg,3,54,6
clock_04818.jpg,1,44,34
clock_04819.jpg,4,19,38
clock_04820.jpg,9,49,48
clock_04821.jpg,7,56,48
clock_04822.jpg,1,43,45
clock_04823.jpg,2,50,50
clock_04824.jpg,11,34,46
clock_04825.jpg,3,27,6
clock_04826.jpg,3,45,5
clock_04827.jpg,4,27,37
clock_04828.jpg,5,5,51
clock_04829.jpg,1,44,18
clock_04830.jpg,4,25,59
clock_04831.jpg,3,20,34
clock_04832.jpg,2,11,54
clock_04833.jpg,8,41,28
clock_04834.jpg,9,48,16
clock_04835.jpg,7,10,13
clock_04836.jpg,6,39,51
clock_04837.jpg,7,52,54
clock_04838.jpg,11,10,25
clock_04839.jpg,4,24,1
clock_04840.jpg,9,26,14
clock_04841.jpg,4,43,57
clock_04842.jpg,4,29,54
clock_04843.jpg,10,17,20
clock_04844.jpg,8,39,27
clock_04845.jpg,0,34,17
clock_04846.jpg,2,53,39
clock_04847.jpg,8,39,8
clock_04848.jpg,6,44,14
clock_04849.jpg,1,38,56
clock_04850.jpg,2,8,41
clock_04851.jpg,4,51,35
clock_04852.jpg,0,10,19
clock_04853.jpg,8,1,44
clock_04854.jpg,7,39,52
clock_04855.jpg,11,26,5
clock_04856.jpg,7,35,54
clock_04857.jpg,9,53,5
clock_04858.jpg,9,0,57
clock_04859.jpg,6,27,30
clock_04860.jpg,7,46,44
clock_04861.jpg,0,37,40
clock_04862.jpg,8,8,55
clock_04863.jpg,0,2,31
clock_04864.jpg,1,34,57
clock_04865.jpg,9,4,32
clock_04866.jpg,10,28,12
clock_04867.jpg,8,27,18
clock_04868.jpg,5,44,53
clock_04869.jpg,3,56,47
clock_04870.jpg,1,25,57
clock_04871.jpg,8,43,4
clock_04872.jpg,8,44,22
clock_04873.jpg,4,38,7
clock_04874.jpg,1,21,59
clock_04875.jpg,5,39,36
clock_04876.jpg,7,55,7
clock_04877.jpg,7,57,38
clock_04878.jpg,5,39,34
clock_04879.jpg,0,3,27
clock_04880.jpg,2,11,24
clock_04881.jpg,8,32,50
clock_04882.jpg,4,14,26
clock_04883.jpg,6,36,33
clock_04884.jpg,7,10,1
clock_04885.jpg,9,23,16
clock_04886.jpg,6,50,45
clock_04887.jpg,2,35,37
clock_04888.jpg,4,25,56
clock_04889.jpg,11,31,5
clock_04890.jpg,1,13,25
clock_04891.jpg,3,5,41
clock_04892.jpg,7,1,45
clock_04893.jpg,10,12,23
clock_04894.jpg,0,26,2
clock_04895.jpg,4,0,13
clock_04896.jpg,6,26,46
clock_04897.jpg,10,16,54
clock_04898.jpg,10,9,44
clock_04899.jpg,4,29,9
clock_04900.jpg,1,13,5
clock_04901.jpg,0,43,1
clock_04902.jpg,1,56,37
clock_04903.jpg,3,18,46
clock_04904.jpg,1,4,48
clock_04905.jpg,9,13,27
clock_04906.jpg,9,23,23
clock_04907.jpg,3,14,40
clock_04908.jpg,0,45,6
clock_04909.jpg,4,6,17
clock_04910.jpg,9,10,49
clock_04911.jpg,7,24,29
clock_04912.jpg,10,46,21
clock_04913.jpg,1,2,49
clock_04914.jpg,6,12,49
clock_04915.jpg,0,18,5
clock_04916.jpg,10,32,4
clock_04917.jpg,0,24,32
clock_04918.jpg,2,8,20
clock_04919.jpg,11,36,15
clock_04920.jpg,4,44,4
clock_04921.jpg,11,13,13
clock_04922.jpg,10,42,4
clock_04923.jpg,9,43,7
clock_04924.jpg,1,40,58
clock_04925.jpg,8,44,57
clock_04926.jpg,7,11,27
clock_04927.jpg,4,27,28
clock_04928.jpg,10,38,43
clock_04929.jpg,4,3,27
clock_04930.jpg,2,43,2
clock_04931.jpg,3,58,34
clock_04932.jpg,0,17,49
clock_04933.jpg,8,25,33
clock_04934.jpg,9,23,48
clock_04935.jpg,0,39,49
clock_04936.jpg,3,33,22
clock_04937.jpg,1,42,38
clock_04938.jpg,0,26,30
clock_04939.jpg,5,1,10
clock_04940.jpg,0,52,39
clock_04941.jpg,1,9,50
clock_04942.jpg,1,35,13
clock_04943.jpg,11,41,57
clock_04944.jpg,11,31,50
clock_04945.jpg,4,49,57
clock_04946.jpg,5,58,0
clock_04947.jpg,2,2,39
clock_04948.jpg,11,45,24
clock_04949.jpg,3,59,40
clock_04950.jpg,9,48,18
clock_04951.jpg,0,32,55
clock_04952.jpg,2,24,55
clock_04953.jpg,4,37,53
clock_04954.jpg,4,24,7
clock_04955.jpg,6,17,56
clock_04956.jpg,5,59,32
clock_04957.jpg,9,25,56
clock_04958.jpg,6,56,23
clock_04959.jpg,10,58,38
clock_04960.jpg,11,23,50
clock_04961.jpg,10,2,33
clock_04962.jpg,10,39,5
clock_04963.jpg,5,41,15
clock_04964.jpg,1,34,42
clock_04965.jpg,5,48,57
clock_04966.jpg,11,26,32
clock_04967.jpg,1,43,18
clock_04968.jpg,7,45,25
clock_04969.jpg,2,8,4
clock_04970.jpg,7,41,46
clock_04971.jpg,3,45,46
clock_04972.jpg,5,5,40
clock_04973.jpg,9,36,6
clock_04974.jpg,10,34,3
clock_04975.jpg,5,54,54
clock_04976.jpg,4,51,50
clock_04977.jpg,6,41,4
clock_04978.jpg,11,30,43
clock_04979.jpg,11,34,1
clock_04980.jpg,9,28,5
clock_04981.jpg,10,14,22
clock_04982.jpg,8,54,31
clock_04983.jpg,3,57,59
clock_04984.jpg,5,21,24
clock_04985.jpg,1,6,17
clock_04986.jpg,11,14,5
clock_04987.jpg,9,36,45
clock_04988.jpg,5,11,23
clock_04989.jpg,11,9,43
clock_04990.jpg,11,19,59
clock_04991.jpg,0,28,46
clock_04992.jpg,11,31,57
clock_04993.jpg,10,34,35
clock_04994.jpg,7,18,57
clock_04995.jpg,10,9,46
clock_04996.jpg,7,53,23
clock_04997.jpg,10,39,39
clock_04998.jpg,10,34,23
clock_04999.jpg,6,29,52
clock_05000.jpg,8,9,56
clock_05001.jpg,8,16,4
clock_05002.jpg,6,57,17
clock_05003.jpg,10,56,39
clock_05004.jpg,0,50,19
clock_05005.jpg,5,24,29
clock_05006.jpg,1,46,7
clock_05007.jpg,3,38,10
clock_05008.jpg,1,1,30
clock_05009.jpg,4,54,39
clock_05010.jpg,11,15,24
clock_05011.jpg,2,36,25
clock_05012.jpg,1,16,16
clock_05013.jpg,5,42,7
clock_05014.jpg,10,38,5
clock_05015.jpg,8,46,35
clock_05016.jpg,11,18,22
clock_05017.jpg,3,51,28
clock_05018.jpg,2,54,11
clock_05019.jpg,2,53,13
clock_05020.jpg,3,54,13
clock_05021.jpg,0,49,27
clock_05022.jpg,7,20,34
clock_05023.jpg,7,33,9
clock_05024.jpg,5,27,17
clock_05025.jpg,11,26,48
clock_05026.jpg,8,45,59
clock_05027.jpg,8,6,19
clock_05028.jpg,1,48,34
clock_05029.jpg,7,49,58
clock_05030.jpg,5,13,51
clock_05031.jpg,7,38,18
clock_05032.jpg,4,38,55
clock_05033.jpg,8,10,8
clock_05034.jpg,2,22,22
clock_05035.jpg,0,54,22
clock_05036.jpg,4,16,13
clock_05037.jpg,4,1,46
clock_05038.jpg,10,45,3
clock_05039.jpg,2,9,55
clock_05040.jpg,2,28,9
clock_05041.jpg,1,4,25
clock_05042.jpg,1,35,49
clock_05043.jpg,5,54,51
clock_05044.jpg,1,11,23
clock_05045.jpg,1,33,44
clock_05046.jpg,9,48,11
clock_05047.jpg,7,25,7
clock_05048.jpg,0,48,48
clock_05049.jpg,0,40,2
clock_05050.jpg,0,22,38
clock_05051.jpg,2,26,41
clock_05052.jpg,5,6,33
clock_05053.jpg,5,22,5
clock_05054.jpg,1,55,6
clock_05055.jpg,7,1,32
clock_05056.jpg,7,36,19
clock_05057.jpg,0,9,0
clock_05058.jpg,2,3,27
clock_05059.jpg,5,47,34
clock_05060.jpg,0,1,53
clock_05061.jpg,7,7,49
clock_05062.jpg,5,57,21
clock_05063.jpg,5,32,44
clock_05064.jpg,11,1,40
clock_05065.jpg,5,46,24
clock_05066.jpg,1,19,40
clock_05067.jpg,5,9,33
clock_05068.jpg,3,7,11
clock_05069.jpg,7,24,39
clock_05070.jpg,10,56,36
clock_05071.jpg,5,23,39
clock_05072.jpg,0,41,23
clock_05073.jpg,1,37,26
clock_05074.jpg,6,52,19
clock_05075.jpg,7,6,12
clock_05076.jpg,6,45,24
clock_05077.jpg,3,46,23
clock_05078.jpg,2,20,12
clock_05079.jpg,7,22,23
clock_05080.jpg,0,43,6
clock_05081.jpg,6,31,58
clock_05082.jpg,8,59,17
clock_05083.jpg,11,43,11
clock_05084.jpg,0,42,0
clock_05085.jpg,8,48,25
clock_05086.jpg,9,27,15
clock_05087.jpg,6,59,25
clock_05088.jpg,0,28,39
clock_05089.jpg,8,11,43
clock_05090.jpg,11,44,43
clock_05091.jpg,0,32,56
clock_05092.jpg,10,28,30
clock_05093.jpg,10,10,59
clock_05094.jpg,10,38,38
clock_05095.jpg,4,32,42
clock_05096.jpg,11,17,26
clock_05097.jpg,1,13,45
clock_05098.jpg,1,39,52
clock_05099.jpg,1,47,16
clock_05100.jpg,8,13,11
clock_05101.jpg,4,6,30
clock_05102.jpg,5,3,3
clock_05103.jpg,4,26,1
clock_05104.jpg,7,11,54
clock_05105.jpg,6,36,48
clock_05106.jpg,6,10,3
clock_05107.jpg,0,11,46
clock_05108.jpg,5,36,56
clock_05109.jpg,3,35,35
clock_05110.jpg,3,55,14
clock_05111.jpg,3,37,18
clock_05112.jpg,1,33,51
clock_05113.jpg,5,50,42
clock_05114.jpg,0,44,36
clock_05115.jpg,5,23,34
clock_05116.jpg,4,44,9
clock_05117.jpg,0,21,25
clock_05118.jpg,11,47,37
clock_05119.jpg,8,32,6
clock_05120.jpg,11,39,55
clock_05121.jpg,9,6,22
clock_05122.jpg,2,28,43
clock_05123.jpg,9,55,48
clock_05124.jpg,8,55,27
clock_05125.jpg,8,51,58
clock_05126.jpg,2,53,26
clock_05127.jpg,11,22,54
clock_05128.jpg,9,11,48
clock_05129.jpg,9,20,42
clock_05130.jpg,6,17,32
clock_05131.jpg,3,45,17
clock_05132.jpg,2,37,9
clock_05133.jpg,1,0,7
clock_05134.jpg,1,24,12
clock_05135.jpg,10,47,36
clock_05136.jpg,5,36,29
clock_05137.jpg,11,21,50
clock_05138.jpg,5,48,25
clock_05139.jpg,0,29,24
clock_05140.jpg,5,6,34
clock_05141.jpg,9,6,30
clock_05142.jpg,10,16,1
clock_05143.jpg,7,46,54
clock_05144.jpg,10,37,10
clock_05145.jpg,2,36,16
clock_05146.jpg,4,15,31
clock_05147.jpg,3,57,39
clock_05148.jpg,7,40,6
clock_05149.jpg,7,30,32
clock_05150.jpg,4,45,48
clock_05151.jpg,10,25,1
clock_05152.jpg,4,20,49
clock_05153.jpg,2,34,1
clock_05154.jpg,6,53,1
clock_05155.jpg,10,8,45
clock_05156.jpg,0,13,19
clock_05157.jpg,9,6,22
clock_05158.jpg,11,58,55
clock_05159.jpg,7,39,6
clock_05160.jpg,1,28,49
clock_05161.jpg,10,22,21
clock_05162.jpg,11,10,20
clock_05163.jpg,2,45,12
clock_05164.jpg,10,7,26
clock_05165.jpg,6,15,38
clock_05166.jpg,2,37,43
clock_05167.jpg,9,48,33
clock_05168.jpg,3,54,44
clock_05169.jpg,3,7,4
clock_05170.jpg,5,16,44
clock_05171.jpg,8,21,5
clock_05172.jpg,9,26,1
clock_05173.jpg,2,19,15
clock_05174.jpg,6,19,35
clock_05175.jpg,4,40,38
clock_05176.jpg,11,1,36
clock_05177.jpg,9,56,56
clock_05178.jpg,8,4,1
clock_05179.jpg,3,25,5
clock_05180.jpg,2,11,30
clock_05181.jpg,2,1,53
clock_05182.jpg,3,43,41
clock_05183.jpg,3,37,50
clock_05184.jpg,4,28,14
clock_05185.jpg,7,26,30
clock_05186.jpg,6,33,52
clock_05187.jpg,11,18,49
clock_05188.jpg,1,5,5
clock_05189.jpg,11,30,24
clock_05190.jpg,8,29,24
clock_05191.jpg,3,47,54
clock_05192.jpg,3,57,15
clock_05193.jpg,10,52,22
clock_05194.jpg,7,32,29
clock_05195.jpg,10,43,23
clock_05196.jpg,4,51,23
clock_05197.jpg,7,5,18
clock_05198.jpg,11,33,45
clock_05199.jpg,6,34,13
clock_05200.jpg,10,6,23
clock_05201.jpg,11,28,23
clock_05202.jpg,2,59,59
clock_05203.jpg,7,25,29
clock_05204.jpg,2,6,14
clock_05205.jpg,9,57,27
clock_05206.jpg,11,21,16
clock_05207.jpg,7,41,22
clock_05208.jpg,4,16,0
clock_05209.jpg,6,23,25
clock_05210.jpg,7,58,59
clock_05211.jpg,9,52,19
clock_05212.jpg,1,8,34
clock_05213.jpg,7,5,39
clock_05214.jpg,9,48,0
clock_05215.jpg,0,17,15
clock_05216.jpg,5,38,8
clock_05217.jpg,1,48,48
clock_05218.jpg,10,28,35
clock_05219.jpg,10,49,13
clock_05220.jpg,6,17,56
clock_05221.jpg,5,48,43
clock_05222.jpg,7,35,31
clock_05223.jpg,4,31,26
clock_05224.jpg,4,7,14
clock_05225.jpg,11,31,11
clock_05226.jpg,2,24,22
clock_05227.jpg,4,57,9
clock_05228.jpg,0,13,42
clock_05229.jpg,6,7,58
clock_05230.jpg,6,17,1
clock_05231.jpg,3,22,53
clock_05232.jpg,2,52,53
clock_05233.jpg,9,45,23
clock_05234.jpg,8,36,39
clock_05235.jpg,7,26,50
clock_05236.jpg,1,35,58
clock_05237.jpg,2,43,21
clock_05238.jpg,7,44,13
clock_05239.jpg,5,6,20
clock_05240.jpg,6,7,9
clock_05241.jpg,8,43,58
clock_05242.jpg,2,58,12
clock_05243.jpg,6,5,47
clock_05244.jpg,3,50,50
clock_05245.jpg,8,44,57
clock_05246.jpg,7,38,36
clock_05247.jpg,10,4,22
clock_05248.jpg,0,23,37
clock_05249.jpg,11,26,23
clock_05250.jpg,1,4,39
clock_05251.jpg,11,3,53
clock_05252.jpg,2,20,43
clock_05253.jpg,10,31,38
clock_05254.jpg,10,31,55
clock_05255.jpg,2,17,19
clock_05256.jpg,4,30,50
clock_05257.jpg,10,16,14
clock_05258.jpg,3,30,58
clock_05259.jpg,8,52,32
clock_05260.jpg,7,3,13
clock_05261.jpg,7,47,1
clock_05262.jpg,2,52,38
clock_05263.jpg,8,12,0
clock_05264.jpg,3,45,45
clock_05265.jpg,3,46,56
clock_05266.jpg,9,39,22
clock_05267.jpg,8,57,27
clock_05268.jpg,7,37,59
clock_05269.jpg,4,9,50
clock_05270.jpg,2,56,2
clock_05271.jpg,4,25,35
clock_05272.jpg,7,46,49
clock_05273.jpg,2,47,3
clock_05274.jpg,3,47,14
clock_05275.jpg,8,10,53
clock_05276.jpg,2,55,2
clock_05277.jpg,4,34,3
clock_05278.jpg,10,49,54
clock_05279.jpg,4,52,24
clock_05280.jpg,3,31,48
clock_05281.jpg,7,18,1
clock_05282.jpg,6,16,4
clock_05283.jpg,3,34,39
clock_05284.jpg,1,34,2
clock_05285.jpg,2,38,54
clock_05286.jpg,5,56,35
clock_05287.jpg,8,37,28
clock_05288.jpg,10,44,54
clock_05289.jpg,5,25,30
clock_05290.jpg,3,15,15
clock_05291.jpg,3,41,12
clock_05292.jpg,6,47,53
clock_05293.jpg,4,49,3
clock_05294.jpg,6,35,34
clock_05295.jpg,1,40,10
clock_05296.jpg,6,26,57
clock_05297.jpg,5,6,32
clock_05298.jpg,1,32,48
clock_05299.jpg,2,2,8
clock_05300.jpg,8,55,9
clock_05301.jpg,11,42,10
clock_05302.jpg,0,19,16
clock_05303.jpg,3,39,18
clock_05304.jpg,5,45,32
clock_05305.jpg,5,40,33
clock_05306.jpg,8,43,47
clock_05307.jpg,2,37,51
clock_05308.jpg,6,7,35
clock_05309.jpg,2,39,28
clock_05310.jpg,5,7,50
clock_05311.jpg,0,43,19
clock_05312.jpg,9,37,23
clock_05313.jpg,6,50,16
clock_05314.jpg,9,59,16
clock_05315.jpg,7,49,0
clock_05316.jpg,1,4,2
clock_05317.jpg,8,20,9
clock_05318.jpg,8,3,52
clock_05319.jpg,4,49,26
clock_05320.jpg,4,50,11
clock_05321.jpg,7,6,39
clock_05322.jpg,9,26,26
clock_05323.jpg,9,21,50
clock_05324.jpg,11,44,2
clock_05325.jpg,8,58,1
clock_05326.jpg,2,32,50
clock_05327.jpg,0,14,53
clock_05328.jpg,4,1,34
clock_05329.jpg,8,8,23
clock_05330.jpg,7,15,13
clock_05331.jpg,3,4,37
clock_05332.jpg,4,45,19
clock_05333.jpg,5,10,12
clock_05334.jpg,3,5,46
clock_05335.jpg,7,4,16
clock_05336.jpg,4,29,59
clock_05337.jpg,9,41,18
clock_05338.jpg,5,44,57
clock_05339.jpg,5,33,49
clock_05340.jpg,3,3,53
clock_05341.jpg,5,41,34
clock_05342.jpg,4,42,41
clock_05343.jpg,6,55,33
clock_05344.jpg,8,11,42
clock_05345.jpg,3,32,47
clock_05346.jpg,4,33,49
clock_05347.jpg,11,36,24
clock_05348.jpg,4,42,5
clock_05349.jpg,5,13,5
clock_05350.jpg,8,12,23
clock_05351.jpg,3,5,10
clock_05352.jpg,8,39,50
clock_05353.jpg,11,11,37
clock_05354.jpg,3,2,39
clock_05355.jpg,6,11,17
clock_05356.jpg,4,1,37
clock_05357.jpg,11,30,3
clock_05358.jpg,8,7,26
clock_05359.jpg,0,36,22
clock_05360.jpg,1,40,30
clock_05361.jpg,2,13,3
clock_05362.jpg,10,32,48
clock_05363.jpg,0,21,44
clock_05364.jpg,1,20,31
clock_05365.jpg,10,44,41
clock_05366.jpg,5,1,13
clock_05367.jpg,6,39,29
clock_05368.jpg,3,52,31
clock_05369.jpg,3,14,40
clock_05370.jpg,3,2,20
clock_05371.jpg,8,58,0
clock_05372.jpg,5,40,44
clock_05373.jpg,8,46,5
clock_05374.jpg,0,53,11
clock_05375.jpg,0,13,33
clock_05376.jpg,5,38,51
clock_05377.jpg,5,13,0
clock_05378.jpg,9,36,36
clock_05379.jpg,9,52,21
clock_05380.jpg,5,24,12
clock_05381.jpg,8,47,30
clock_05382.jpg,7,47,20
clock_05383.jpg,11,34,46
clock_05384.jpg,2,35,18
clock_05385.jpg,1,58,43
clock_05386.jpg,1,54,40
clock_05387.jpg,0,55,45
clock_05388.jpg,8,28,37
clock_05389.jpg,5,48,9
clock_05390.jpg,0,55,48
clock_05391.jpg,11,18,13
clock_05392.jpg,5,8,24
clock_05393.jpg,4,32,8
clock_05394.jpg,10,47,5
clock_05395.jpg,7,51,40
clock_05396.jpg,10,58,49
clock_05397.jpg,6,37,0
clock_05398.jpg,7,17,15
clock_05399.jpg,2,50,52
clock_05400.jpg,11,0,18
clock_05401.jpg,3,11,47
clock_05402.jpg,0,48,13
clock_05403.jpg,9,45,41
clock_05404.jpg,7,39,44
clock_05405.jpg,8,49,33
clock_05406.jpg,9,43,34
clock_05407.jpg,6,22,43
clock_05408.jpg,1,38,32
clock_05409.jpg,5,26,17
clock_05410.jpg,8,40,7
clock_05411.jpg,1,12,43
clock_05412.jpg,1,36,10
clock_05413.jpg,3,13,54
clock_05414.jpg,1,56,37
clock_05415.jpg,9,31,22
clock_05416.jpg,2,20,42
clock_05417.jpg,11,23,51
clock_05418.jpg,5,42,35
clock_05419.jpg,3,8,17
clock_05420.jpg,4,52,19
clock_05421.jpg,0,29,33
clock_05422.jpg,5,2,14
clock_05423.jpg,5,26,16
clock_05424.jpg,10,51,38
clock_05425.jpg,9,49,10
clock_05426.jpg,0,19,22
clock_05427.jpg,10,30,16
clock_05428.jpg,7,24,25
clock_05429.jpg,9,14,19
clock_05430.jpg,0,25,21
clock_05431.jpg,1,1,19
clock_05432.jpg,10,43,8
clock_05433.jpg,1,20,18
clock_05434.jpg,5,57,26
clock_05435.jpg,2,39,32
clock_05436.jpg,6,47,48
clock_05437.jpg,11,12,39
clock_05438.jpg,7,55,14
clock_05439.jpg,4,29,49
clock_05440.jpg,0,2,45
clock_05441.jpg,8,54,28
clock_05442.jpg,6,37,21
clock_05443.jpg,7,43,24
clock_05444.jpg,9,11,25
clock_05445.jpg,10,27,55
clock_05446.jpg,5,17,8
clock_05447.jpg,5,41,29
clock_05448.jpg,1,37,8
clock_05449.jpg,4,41,52
clock_05450.jpg,6,38,23
clock_05451.jpg,7,41,43
clock_05452.jpg,2,1,34
clock_05453.jpg,0,34,13
clock_05454.jpg,8,58,20
clock_05455.jpg,6,32,18
clock_05456.jpg,9,16,55
clock_05457.jpg,9,25,17
clock_05458.jpg,6,51,26
clock_05459.jpg,3,38,4
clock_05460.jpg,6,48,30
clock_05461.jpg,0,23,15
clock_05462.jpg,10,0,27
clock_05463.jpg,11,5,40
clock_05464.jpg,0,15,9
clock_05465.jpg,1,59,42
clock_05466.jpg,7,13,33
clock_05467.jpg,4,44,3
clock_05468.jpg,3,43,3
clock_05469.jpg,5,31,23
clock_05470.jpg,8,36,4
clock_05471.jpg,4,10,10
clock_05472.jpg,7,49,54
clock_05473.jpg,8,35,42
clock_05474.jpg,11,30,8
clock_05475.jpg,9,18,13
clock_05476.jpg,1,1,48
clock_05477.jpg,8,53,38
clock_05478.jpg,9,33,58
clock_05479.jpg,11,36,33
clock_05480.jpg,7,14,3
clock_05481.jpg,6,14,55
clock_05482.jpg,1,43,44
clock_05483.jpg,4,16,13
clock_05484.jpg,8,45,36
clock_05485.jpg,5,49,45
clock_05486.jpg,10,20,37
clock_05487.jpg,11,47,35
clock_05488.jpg,3,47,11
clock_05489.jpg,5,41,10
clock_05490.jpg,4,45,30
clock_05491.jpg,3,10,17
clock_05492.jpg,11,32,36
clock_05493.jpg,2,25,6
clock_05494.jpg,4,36,51
clock_05495.jpg,11,20,35
clock_05496.jpg,4,13,7
clock_05497.jpg,3,45,57
clock_05498.jpg,3,6,55
clock_05499.jpg,4,7,48
clock_05500.jpg,11,21,24
clock_05501.jpg,5,22,37
clock_05502.jpg,7,54,54
clock_05503.jpg,4,59,0
clock_05504.jpg,4,16,49
clock_05505.jpg,10,14,2
clock_05506.jpg,1,19,14
clock_05507.jpg,9,6,49
clock_05508.jpg,6,0,56
clock_05509.jpg,6,10,50
clock_05510.jpg,6,49,52
clock_05511.jpg,0,43,35
clock_05512.jpg,6,10,26
clock_05513.jpg,5,41,45
clock_05514.jpg,0,50,59
clock_05515.jpg,5,52,19
clock_05516.jpg,7,15,56
clock_05517.jpg,2,57,50
clock_05518.jpg,5,58,17
clock_05519.jpg,9,22,21
clock_05520.jpg,8,18,46
clock_05521.jpg,7,56,31
clock_05522.jpg,0,10,3
clock_05523.jpg,4,3,36
clock_05524.jpg,7,29,27
clock_05525.jpg,10,4,41
clock_05526.jpg,1,51,55
clock_05527.jpg,11,23,44
clock_05528.jpg,9,6,59
clock_05529.jpg,8,46,28
clock_05530.jpg,2,30,28
clock_05531.jpg,8,21,4
clock_05532.jpg,10,35,17
clock_05533.jpg,10,45,28
clock_05534.jpg,4,13,45
clock_05535.jpg,4,4,14
clock_05536.jpg,2,9,59
clock_05537.jpg,9,33,0
clock_05538.jpg,5,59,23
clock_05539.jpg,7,7,28
clock_05540.jpg,7,51,37
clock_05541.jpg,1,48,7
clock_05542.jpg,0,22,6
clock_05543.jpg,6,16,14
clock_05544.jpg,11,28,14
clock_05545.jpg,10,24,39
clock_05546.jpg,5,57,24
clock_05547.jpg,10,44,32
clock_05548.jpg,11,2,37
clock_05549.jpg,8,57,48
clock_05550.jpg,11,1,12
clock_05551.jpg,1,52,12
clock_05552.jpg,3,29,9
clock_05553.jpg,6,20,35
clock_05554.jpg,4,46,34
clock_05555.jpg,1,52,35
clock_05556.jpg,5,35,17
clock_05557.jpg,6,48,45
clock_05558.jpg,10,13,11
clock_05559.jpg,2,12,25
clock_05560.jpg,7,40,36
clock_05561.jpg,1,3,58
clock_05562.jpg,8,22,45
clock_05563.jpg,10,38,23
clock_05564.jpg,1,9,53
clock_05565.jpg,1,3,35
clock_05566.jpg,4,39,49
clock_05567.jpg,6,47,40
clock_05568.jpg,0,5,36
clock_05569.jpg,11,56,45
clock_05570.jpg,7,42,28
clock_05571.jpg,0,35,44
clock_05572.jpg,7,8,0
clock_05573.jpg,7,54,37
clock_05574.jpg,9,0,10
clock_05575.jpg,3,27,1
clock_05576.jpg,3,55,38
clock_05577.jpg,11,20,16
clock_05578.jpg,1,28,43
clock_05579.jpg,5,38,27
clock_05580.jpg,3,57,26
clock_05581.jpg,7,11,42
clock_05582.jpg,6,7,2
clock_05583.jpg,1,5,40
clock_05584.jpg,8,0,3
clock_05585.jpg,4,9,25
clock_05586.jpg,10,31,15
clock_05587.jpg,3,15,25
clock_05588.jpg,8,41,20
clock_05589.jpg,11,51,12
clock_05590.jpg,10,15,19
clock_05591.jpg,1,37,12
clock_05592.jpg,7,14,2
clock_05593.jpg,4,21,46
clock_05594.jpg,4,9,4
clock_05595.jpg,10,20,10
clock_05596.jpg,5,0,9
clock_05597.jpg,3,29,32
clock_05598.jpg,0,40,54
clock_05599.jpg,10,15,17
clock_05600.jpg,0,8,29
clock_05601.jpg,6,5,50
clock_05602.jpg,8,41,32
clock_05603.jpg,11,1,44
clock_05604.jpg,7,46,27
clock_05605.jpg,3,28,12
clock_05606.jpg,7,45,49
clock_05607.jpg,1,10,11
clock_05608.jpg,4,28,38
clock_05609.jpg,1,1,23
clock_05610.jpg,6,58,11
clock_05611.jpg,11,33,46
clock_05612.jpg,4,19,8
clock_05613.jpg,6,38,25
clock_05614.jpg,2,44,10
clock_05615.jpg,11,19,52
clock_05616.jpg,6,48,46
clock_05617.jpg,5,33,23
clock_05618.jpg,3,27,3
clock_05619.jpg,11,23,12
clock_05620.jpg,11,27,32
clock_05621.jpg,3,23,40
clock_05622.jpg,6,11,40
clock_05623.jpg,6,59,28
clock_05624.jpg,3,9,6
clock_05625.jpg,6,0,24
clock_05626.jpg,0,40,16
clock_05627.jpg,10,15,53
clock_05628.jpg,7,42,7
clock_05629.jpg,3,40,34
clock_05630.jpg,0,10,23
clock_05631.jpg,8,20,48
clock_05632.jpg,8,13,1
clock_05633.jpg,11,57,47
clock_05634.jpg,3,51,29
clock_05635.jpg,2,27,24
clock_05636.jpg,11,20,51
clock_05637.jpg,8,15,2
clock_05638.jpg,4,46,26
clock_05639.jpg,3,19,42
clock_05640.jpg,10,52,38
clock_05641.jpg,4,24,11
clock_05642.jpg,1,53,32
clock_05643.jpg,3,33,46
clock_05644.jpg,6,58,45
clock_05645.jpg,6,26,5
clock_05646.jpg,3,9,27
clock_05647.jpg,0,6,13
clock_05648.jpg,10,43,33
clock_05649.jpg,2,31,30
clock_05650.jpg,2,59,34
clock_05651.jpg,10,59,24
clock_05652.jpg,6,46,19
clock_05653.jpg,8,31,57
clock_05654.jpg,5,10,27
clock_05655.jpg,11,38,21
clock_05656.jpg,8,38,22
clock_05657.jpg,2,42,8
clock_05658.jpg,10,44,29
clock_05659.jpg,10,50,58
clock_05660.jpg,10,15,27
clock_05661.jpg,2,40,59
clock_05662.jpg,6,27,13
clock_05663.jpg,5,51,45
clock_05664.jpg,1,33,12
clock_05665.jpg,7,38,19
clock_05666.jpg,6,6,1
clock_05667.jpg,0,23,25
clock_05668.jpg,9,10,23
clock_05669.jpg,9,0,16
clock_05670.jpg,7,37,46
clock_05671.jpg,5,47,58
clock_05672.jpg,7,14,30
clock_05673.jpg,6,3,29
clock_05674.jpg,11,18,33
clock_05675.jpg,2,1,42
clock_05676.jpg,10,4,20
clock_05677.jpg,2,37,26
clock_05678.jpg,9,59,55
clock_05679.jpg,8,6,42
clock_05680.jpg,3,20,55
clock_05681.jpg,5,46,32
clock_05682.jpg,10,20,46
clock_05683.jpg,9,5,18
clock_05684.jpg,7,5,2
clock_05685.jpg,8,5,32
clock_05686.jpg,10,18,29
clock_05687.jpg,8,33,50
clock_05688.jpg,3,32,48
clock_05689.jpg,9,2,12
clock_05690.jpg,2,14,7
clock_05691.jpg,0,37,7
clock_05692.jpg,10,48,12
clock_05693.jpg,5,11,35
clock_05694.jpg,8,54,55
clock_05695.jpg,8,23,50
clock_05696.jpg,6,33,50
clock_05697.jpg,1,17,56
clock_05698.jpg,11,54,17
clock_05699.jpg,4,16,40
clock_05700.jpg,8,34,40
clock_05701.jpg,8,15,19
clock_05702.jpg,4,13,11
clock_05703.jpg,10,26,9
clock_05704.jpg,5,43,3
clock_05705.jpg,3,44,13
clock_05706.jpg,7,38,43
clock_05707.jpg,10,2,24
clock_05708.jpg,0,25,48
clock_05709.jpg,5,21,54
clock_05710.jpg,6,15,1
clock_05711.jpg,4,33,32
clock_05712.jpg,3,58,17
clock_05713.jpg,8,6,13
clock_05714.jpg,8,45,54
clock_05715.jpg,9,55,48
clock_05716.jpg,9,25,1
clock_05717.jpg,11,18,38
clock_05718.jpg,8,54,34
clock_05719.jpg,11,41,50
clock_05720.jpg,0,39,55
clock_05721.jpg,5,7,46
clock_05722.jpg,7,4,12
clock_05723.jpg,8,47,50
clock_05724.jpg,10,18,20
clock_05725.jpg,10,40,43
clock_05726.jpg,3,59,42
clock_05727.jpg,1,51,10
clock_05728.jpg,3,46,23
clock_05729.jpg,5,14,43
clock_05730.jpg,7,43,24
clock_05731.jpg,3,23,16
clock_05732.jpg,0,11,19
clock_05733.jpg,11,48,3
clock_05734.jpg,8,49,38
clock_05735.jpg,4,45,23
clock_05736.jpg,3,2,47
clock_05737.jpg,5,10,2
clock_05738.jpg,9,23,46
clock_05739.jpg,4,43,49
clock_05740.jpg,7,17,13
clock_05741.jpg,4,15,17
clock_05742.jpg,2,48,57
clock_05743.jpg,11,30,29
clock_05744.jpg,8,22,45
clock_05745.jpg,4,32,42
clock_05746.jpg,0,17,5
clock_05747.jpg,2,37,26
clock_05748.jpg,7,23,23
clock_05749.jpg,8,49,15
clock_05750.jpg,9,43,53
clock_05751.jpg,4,21,51
clock_05752.jpg,10,7,49
clock_05753.jpg,3,13,21
clock_05754.jpg,3,39,47
clock_05755.jpg,6,22,45
clock_05756.jpg,5,18,56
clock_05757.jpg,6,52,12
clock_05758.jpg,7,24,51
clock_05759.jpg,10,0,15
clock_05760.jpg,1,15,27
clock_05761.jpg,6,6,7
clock_05762.jpg,4,15,39
clock_05763.jpg,6,2,18
clock_05764.jpg,7,35,52
clock_05765.jpg,7,0,48
clock_05766.jpg,1,43,27
clock_05767.jpg,4,58,33
clock_05768.jpg,5,57,28
clock_05769.jpg,0,20,34
clock_05770.jpg,6,47,49
clock_05771.jpg,5,51,53
clock_05772.jpg,1,56,37
clock_05773.jpg,2,58,27
clock_05774.jpg,4,4,10
clock_05775.jpg,3,40,40
clock_05776.jpg,0,57,42
clock_05777.jpg,8,40,52
clock_05778.jpg,7,32,54
clock_05779.jpg,6,29,46
clock_05780.jpg,2,51,54
clock_05781.jpg,2,39,6
clock_05782.jpg,0,48,40
clock_05783.jpg,5,40,54
clock_05784.jpg,7,34,59
clock_05785.jpg,1,57,7
clock_05786.jpg,4,30,34
clock_05787.jpg,8,35,55
clock_05788.jpg,3,40,39
clock_05789.jpg,4,35,2
clock_05790.jpg,11,12,50
clock_05791.jpg,9,28,50
clock_05792.jpg,4,51,56
clock_05793.jpg,6,19,3
clock_05794.jpg,0,27,42
clock_05795.jpg,11,55,32
clock_05796.jpg,2,49,12
clock_05797.jpg,9,12,29
clock_05798.jpg,9,17,4
clock_05799.jpg,5,47,46
clock_05800.jpg,5,24,39
clock_05801.jpg,6,57,14
clock_05802.jpg,9,53,34
clock_05803.jpg,1,16,55
clock_05804.jpg,11,56,50
clock_05805.jpg,8,47,57
clock_05806.jpg,10,48,37
clock_05807.jpg,11,52,9
clock_05808.jpg,4,14,16
clock_05809.jpg,3,11,14
clock_05810.jpg,10,8,38
clock_05811.jpg,9,7,24
clock_05812.jpg,1,44,38
clock_05813.jpg,2,32,39
clock_05814.jpg,6,31,29
clock_05815.jpg,10,41,36
clock_05816.jpg,0,41,10
clock_05817.jpg,1,45,13
clock_05818.jpg,11,23,7
clock_05819.jpg,10,0,12
clock_05820.jpg,7,46,44
clock_05821.jpg,2,33,55
clock_05822.jpg,6,49,4
clock_05823.jpg,3,22,40
clock_05824.jpg,6,25,13
clock_05825.jpg,0,38,57
clock_05826.jpg,5,9,7
clock_05827.jpg,6,41,41
clock_05828.jpg,6,54,17
clock_05829.jpg,10,35,39
clock_05830.jpg,7,35,12
clock_05831.jpg,11,1,26
clock_05832.jpg,2,4,49
clock_05833.jpg,10,48,7
clock_05834.jpg,1,50,36
clock_05835.jpg,9,50,34
clock_05836.jpg,11,43,14
clock_05837.jpg,2,29,42
clock_05838.jpg,9,46,10
clock_05839.jpg,5,0,15
clock_05840.jpg,0,30,29
clock_05841.jpg,7,13,49
clock_05842.jpg,5,31,34
clock_05843.jpg,6,54,50
clock_05844.jpg,7,54,21
clock_05845.jpg,11,47,32
clock_05846.jpg,0,10,23
clock_05847.jpg,1,14,33
clock_05848.jpg,10,50,1
clock_05849.jpg,6,19,13
clock_05850.jpg,5,56,56
clock_05851.jpg,7,23,38
clock_05852.jpg,5,6,15
clock_05853.jpg,8,48,23
clock_05854.jpg,9,40,28
clock_05855.jpg,3,11,28
clock_05856.jpg,3,37,39
clock_05857.jpg,1,18,44
clock_05858.jpg,3,29,27
clock_05859.jpg,11,40,14
clock_05860.jpg,2,7,57
clock_05861.jpg,10,39,59
clock_05862.jpg,6,7,53
clock_05863.jpg,7,4,46
clock_05864.jpg,2,19,50
clock_05865.jpg,8,22,4
clock_05866.jpg,3,10,25
clock_05867.jpg,10,15,42
clock_05868.jpg,3,39,41
clock_05869.jpg,8,10,30
clock_05870.jpg,1,26,43
clock_05871.jpg,3,5,51
clock_05872.jpg,2,1,48
clock_05873.jpg,8,48,50
clock_05874.jpg,0,28,8
clock_05875.jpg,4,5,15
clock_05876.jpg,4,39,9
clock_05877.jpg,4,16,1
clock_05878.jpg,1,56,41
clock_05879.jpg,8,5,23
clock_05880.jpg,3,19,42
clock_05881.jpg,9,57,52
clock_05882.jpg,10,29,10
clock_05883.jpg,10,54,9
clock_05884.jpg,6,16,57
clock_05885.jpg,1,47,43
clock_05886.jpg,3,36,11
clock_05887.jpg,9,12,9
clock_05888.jpg,8,25,35
clock_05889.jpg,5,29,25
clock_05890.jpg,5,46,42
clock_05891.jpg,11,46,22
clock_05892.jpg,0,35,53
clock_05893.jpg,2,2,51
clock_05894.jpg,5,43,42
clock_05895.jpg,4,3,27
clock_05896.jpg,9,7,22
clock_05897.jpg,6,56,8
clock_05898.jpg,5,44,48
clock_05899.jpg,10,29,29
clock_05900.jpg,11,51,27
clock_05901.jpg,4,13,17
clock_05902.jpg,6,45,46
clock_05903.jpg,9,24,11
clock_05904.jpg,1,51,53
clock_05905.jpg,3,15,48
clock_05906.jpg,6,13,40
clock_05907.jpg,0,43,55
clock_05908.jpg,3,30,22
clock_05909.jpg,11,30,20
clock_05910.jpg,6,57,56
clock_05911.jpg,11,0,25
clock_05912.jpg,6,19,50
clock_05913.jpg,9,33,17
clock_05914.jpg,7,31,35
clock_05915.jpg,5,29,6
clock_05916.jpg,3,49,54
clock_05917.jpg,4,15,24
clock_05918.jpg,7,27,36
clock_05919.jpg,8,52,27
clock_05920.jpg,1,49,36
clock_05921.jpg,6,11,59
clock_05922.jpg,3,40,7
clock_05923.jpg,9,53,7
clock_05924.jpg,3,16,14
clock_05925.jpg,7,34,11
clock_05926.jpg,4,44,32
clock_05927.jpg,9,24,56
clock_05928.jpg,7,36,17
clock_05929.jpg,7,12,57
clock_05930.jpg,10,37,51
clock_05931.jpg,6,25,35
clock_05932.jpg,1,0,20
clock_05933.jpg,0,56,13
clock_05934.jpg,6,45,54
clock_05935.jpg,2,12,58
clock_05936.jpg,11,44,43
clock_05937.jpg,11,37,35
clock_05938.jpg,10,34,34
clock_05939.jpg,2,19,12
clock_05940.jpg,2,48,29
clock_05941.jpg,8,28,58
clock_05942.jpg,4,54,53
clock_05943.jpg,0,53,53
clock_05944.jpg,11,35,15
clock_05945.jpg,4,14,4
clock_05946.jpg,5,13,37
clock_05947.jpg,7,9,20
clock_05948.jpg,2,31,2
clock_05949.jpg,11,31,24
clock_05950.jpg,11,43,43
clock_05951.jpg,4,44,11
clock_05952.jpg,8,33,40
clock_05953.jpg,1,9,38
clock_05954.jpg,7,8,0
clock_05955.jpg,11,58,17
clock_05956.jpg,10,39,50
clock_05957.jpg,7,42,15
clock_05958.jpg,11,51,21
clock_05959.jpg,4,40,44
clock_05960.jpg,3,41,54
clock_05961.jpg,2,52,10
clock_05962.jpg,7,31,18
clock_05963.jpg,8,10,40
clock_05964.jpg,3,21,14
clock_05965.jpg,3,1,55
clock_05966.jpg,9,14,58
clock_05967.jpg,6,24,59
clock_05968.jpg,2,40,49
clock_05969.jpg,0,39,45
clock_05970.jpg,9,12,7
clock_05971.jpg,2,42,37
clock_05972.jpg,4,52,31
clock_05973.jpg,7,26,3
clock_05974.jpg,9,41,24
clock_05975.jpg,3,30,26
clock_05976.jpg,2,26,16
clock_05977.jpg,6,54,0
clock_05978.jpg,6,11,48
clock_05979.jpg,5,58,6
clock_05980.jpg,2,26,16
clock_05981.jpg,9,46,49
clock_05982.jpg,5,0,41
clock_05983.jpg,7,58,25
clock_05984.jpg,4,42,31
clock_05985.jpg,11,16,17
clock_05986.jpg,2,57,3
clock_05987.jpg,10,18,53
clock_05988.jpg,8,16,41
clock_05989.jpg,0,8,17
clock_05990.jpg,7,50,13
clock_05991.jpg,7,53,51
clock_05992.jpg,7,46,33
clock_05993.jpg,4,48,27
clock_05994.jpg,6,35,33
clock_05995.jpg,5,22,24
clock_05996.jpg,5,3,48
clock_05997.jpg,1,16,13
clock_05998.jpg,2,4,16
clock_05999.jpg,3,15,59
clock_06000.jpg,0,49,22
clock_06001.jpg,11,49,56
clock_06002.jpg,6,28,49
clock_06003.jpg,4,2,12
clock_06004.jpg,6,36,25
clock_06005.jpg,5,44,20
clock_06006.jpg,2,45,36
clock_06007.jpg,11,49,7
clock_06008.jpg,8,43,55
clock_06009.jpg,7,42,49
clock_06010.jpg,4,48,12
clock_06011.jpg,5,2,21
clock_06012.jpg,0,58,28
clock_06013.jpg,7,42,55
clock_06014.jpg,6,20,2
clock_06015.jpg,7,47,42
clock_06016.jpg,3,42,19
clock_06017.jpg,3,24,11
clock_06018.jpg,11,8,32
clock_06019.jpg,2,56,7
clock_06020.jpg,7,41,43
clock_06021.jpg,9,24,46
clock_06022.jpg,8,27,21
clock_06023.jpg,6,11,29
clock_06024.jpg,1,34,39
clock_06025.jpg,4,4,39
clock_06026.jpg,0,23,44
clock_06027.jpg,6,51,35
clock_06028.jpg,8,40,7
clock_06029.jpg,1,27,24
clock_06030.jpg,6,47,13
clock_06031.jpg,10,3,51
clock_06032.jpg,2,25,31
clock_06033.jpg,7,23,49
clock_06034.jpg,5,24,33
clock_06035.jpg,0,24,20
clock_06036.jpg,9,5,44
clock_06037.jpg,11,9,35
clock_06038.jpg,6,53,43
clock_06039.jpg,2,44,38
clock_06040.jpg,8,4,7
clock_06041.jpg,3,21,7
clock_06042.jpg,1,3,3
clock_06043.jpg,5,37,27
clock_06044.jpg,9,4,31
clock_06045.jpg,3,6,36
clock_06046.jpg,10,4,41
clock_06047.jpg,0,12,46
clock_06048.jpg,4,37,33
clock_06049.jpg,11,16,7
clock_06050.jpg,5,58,10
clock_06051.jpg,1,40,19
clock_06052.jpg,10,27,31
clock_06053.jpg,0,33,14
clock_06054.jpg,3,56,47
clock_06055.jpg,6,47,42
clock_06056.jpg,10,3,38
clock_06057.jpg,5,12,11
clock_06058.jpg,11,9,52
clock_06059.jpg,10,27,37
clock_06060.jpg,1,49,15
clock_06061.jpg,2,42,46
clock_06062.jpg,10,57,51
clock_06063.jpg,6,46,4
clock_06064.jpg,3,39,9
clock_06065.jpg,5,42,53
clock_06066.jpg,5,3,34
clock_06067.jpg,6,15,22
clock_06068.jpg,11,45,47
clock_06069.jpg,1,9,10
clock_06070.jpg,10,56,40
clock_06071.jpg,10,10,17
clock_06072.jpg,10,5,19
clock_06073.jpg,9,18,25
clock_06074.jpg,9,48,17
clock_06075.jpg,8,30,40
clock_06076.jpg,1,34,26
clock_06077.jpg,8,25,9
clock_06078.jpg,4,42,2
clock_06079.jpg,9,7,52
clock_06080.jpg,5,16,21
clock_06081.jpg,1,49,11
clock_06082.jpg,7,53,2
clock_06083.jpg,7,23,39
clock_06084.jpg,5,31,51
clock_06085.jpg,3,16,53
clock_06086.jpg,10,27,44
clock_06087.jpg,0,39,8
clock_06088.jpg,2,25,19
clock_06089.jpg,3,18,38
clock_06090.jpg,10,57,29
clock_06091.jpg,0,51,2
clock_06092.jpg,9,52,48
clock_06093.jpg,6,18,48
clock_06094.jpg,7,34,47
clock_06095.jpg,10,48,23
clock_06096.jpg,4,38,50
clock_06097.jpg,0,9,10
clock_06098.jpg,9,29,30
clock_06099.jpg,3,25,47
clock_06100.jpg,4,58,53
clock_06101.jpg,0,35,35
clock_06102.jpg,11,9,24
clock_06103.jpg,2,24,30
clock_06104.jpg,2,36,45
clock_06105.jpg,7,0,59
clock_06106.jpg,10,8,38
clock_06107.jpg,5,40,26
clock_06108.jpg,9,25,15
clock_06109.jpg,11,46,12
clock_06110.jpg,6,10,58
clock_06111.jpg,10,11,12
clock_06112.jpg,3,56,56
clock_06113.jpg,2,36,18
clock_06114.jpg,2,31,15
clock_06115.jpg,0,52,49
clock_06116.jpg,0,25,56
clock_06117.jpg,11,20,55
clock_06118.jpg,7,38,47
clock_06119.jpg,1,16,24
clock_06120.jpg,5,23,1
clock_06121.jpg,1,7,45
clock_06122.jpg,2,0,1
clock_06123.jpg,5,3,53
clock_06124.jpg,7,3,14
clock_06125.jpg,11,41,9
clock_06126.jpg,6,45,8
clock_06127.jpg,11,6,14
clock_06128.jpg,8,35,44
clock_06129.jpg,8,18,32
clock_06130.jpg,4,12,46
clock_06131.jpg,8,25,2
clock_06132.jpg,11,24,14
clock_06133.jpg,2,24,43
clock_06134.jpg,11,1,31
clock_06135.jpg,3,51,7
clock_06136.jpg,10,17,20
clock_06137.jpg,3,58,12
clock_06138.jpg,0,7,29
clock_06139.jpg,2,29,55
clock_06140.jpg,6,7,44
clock_06141.jpg,10,10,9
clock_06142.jpg,0,19,2
clock_06143.jpg,3,58,6
clock_06144.jpg,11,51,54
clock_06145.jpg,8,7,44
clock_06146.jpg,3,26,14
clock_06147.jpg,1,45,8
clock_06148.jpg,8,11,47
clock_06149.jpg,9,26,26
clock_06150.jpg,5,35,11
clock_06151.jpg,9,56,18
clock_06152.jpg,8,58,58
clock_06153.jpg,8,37,39
clock_06154.jpg,4,17,41
clock_06155.jpg,7,42,59
clock_06156.jpg,6,12,15
clock_06157.jpg,1,33,32
clock_06158.jpg,10,13,57
clock_06159.jpg,11,40,0
clock_06160.jpg,9,58,20
clock_06161.jpg,3,21,24
clock_06162.jpg,9,5,25
clock_06163.jpg,11,30,11
clock_06164.jpg,7,37,2
clock_06165.jpg,3,29,47
clock_06166.jpg,4,14,53
clock_06167.jpg,8,49,24
clock_06168.jpg,0,39,47
clock_06169.jpg,2,52,29
clock_06170.jpg,10,18,5
clock_06171.jpg,0,14,4
clock_06172.jpg,11,58,44
clock_06173.jpg,10,3,59
clock_06174.jpg,7,55,29
clock_06175.jpg,2,33,21
clock_06176.jpg,9,22,24
clock_06177.jpg,10,47,50
clock_06178.jpg,10,54,1
clock_06179.jpg,2,51,46
clock_06180.jpg,4,2,53
clock_06181.jpg,1,26,39
clock_06182.jpg,4,52,54
clock_06183.jpg,5,36,19
clock_06184.jpg,3,39,18
clock_06185.jpg,2,40,1
clock_06186.jpg,10,1,45
clock_06187.jpg,4,7,8
clock_06188.jpg,7,6,25
clock_06189.jpg,1,34,30
clock_06190.jpg,3,1,57
clock_06191.jpg,8,59,23
clock_06192.jpg,9,3,49
clock_06193.jpg,2,50,56
clock_06194.jpg,6,39,47
clock_06195.jpg,4,27,8
clock_06196.jpg,4,36,37
clock_06197.jpg,1,7,2
clock_06198.jpg,8,18,13
clock_06199.jpg,9,54,1
clock_06200.jpg,2,46,22
clock_06201.jpg,10,45,15
clock_06202.jpg,9,56,33
clock_06203.jpg,0,3,25
clock_06204.jpg,6,53,57
clock_06205.jpg,1,23,0
clock_06206.jpg,4,1,35
clock_06207.jpg,9,47,7
clock_06208.jpg,1,43,50
clock_06209.jpg,2,34,17
clock_06210.jpg,4,8,18
clock_06211.jpg,5,47,46
clock_06212.jpg,1,56,39
clock_06213.jpg,4,38,33
clock_06214.jpg,6,24,58
clock_06215.jpg,7,49,40
clock_06216.jpg,6,42,16
clock_06217.jpg,11,0,10
clock_06218.jpg,11,4,43
clock_06219.jpg,5,12,49
clock_06220.jpg,9,6,15
clock_06221.jpg,4,18,20
clock_06222.jpg,5,21,37
clock_06223.jpg,1,57,1
clock_06224.jpg,0,4,19
clock_06225.jpg,8,5,47
clock_06226.jpg,6,17,34
clock_06227.jpg,8,9,14
clock_06228.jpg,11,8,29
clock_06229.jpg,1,8,5
clock_06230.jpg,4,41,37
clock_06231.jpg,5,18,57
clock_06232.jpg,0,52,45
clock_06233.jpg,1,18,27
clock_06234.jpg,10,45,32
clock_06235.jpg,10,15,41
clock_06236.jpg,6,0,4
clock_06237.jpg,9,22,22
clock_06238.jpg,2,2,52
clock_06239.jpg,2,18,23
clock_06240.jpg,2,34,9
clock_06241.jpg,0,47,19
clock_06242.jpg,6,58,43
clock_06243.jpg,9,15,29
clock_06244.jpg,4,47,37
clock_06245.jpg,10,56,58
clock_06246.jpg,10,28,29
clock_06247.jpg,11,46,59
clock_06248.jpg,7,54,10
clock_06249.jpg,11,59,55
clock_06250.jpg,8,42,28
clock_06251.jpg,1,33,41
clock_06252.jpg,5,13,10
clock_06253.jpg,8,44,7
clock_06254.jpg,2,14,47
clock_06255.jpg,8,9,15
clock_06256.jpg,0,22,50
clock_06257.jpg,7,48,8
clock_06258.jpg,0,45,39
clock_06259.jpg,11,34,7
clock_06260.jpg,4,5,56
clock_06261.jpg,7,29,5
clock_06262.jpg,4,26,36
clock_06263.jpg,1,28,9
clock_06264.jpg,3,51,49
clock_06265.jpg,11,34,29
clock_06266.jpg,9,55,41
clock_06267.jpg,4,4,13
clock_06268.jpg,1,54,41
clock_06269.jpg,3,14,46
clock_06270.jpg,3,37,27
clock_06271.jpg,10,45,37
clock_06272.jpg,2,37,10
clock_06273.jpg,5,7,2
clock_06274.jpg,3,13,43
clock_06275.jpg,2,40,59
clock_06276.jpg,6,28,53
clock_06277.jpg,9,1,34
clock_06278.jpg,4,18,16
clock_06279.jpg,0,25,36
clock_06280.jpg,4,18,46
clock_06281.jpg,11,20,18
clock_06282.jpg,5,27,59
clock_06283.jpg,4,44,34
clock_06284.jpg,7,3,17
clock_06285.jpg,5,48,28
clock_06286.jpg,6,51,28
clock_06287.jpg,11,9,53
clock_06288.jpg,10,0,24
clock_06289.jpg,10,13,24
clock_06290.jpg,8,33,55
clock_06291.jpg,0,47,24
clock_06292.jpg,5,28,54
clock_06293.jpg,8,4,15
clock_06294.jpg,5,30,11
clock_06295.jpg,9,59,49
clock_06296.jpg,9,47,50
clock_06297.jpg,11,27,3
clock_06298.jpg,8,15,45
clock_06299.jpg,3,40,36
clock_06300.jpg,9,55,40
clock_06301.jpg,10,38,36
clock_06302.jpg,10,31,19
clock_06303.jpg,9,49,58
clock_06304.jpg,10,6,20
clock_06305.jpg,9,13,6
clock_06306.jpg,5,54,50
clock_06307.jpg,9,31,29
clock_06308.jpg,9,34,46
clock_06309.jpg,7,0,16
clock_06310.jpg,0,23,2
clock_06311.jpg,7,22,7
clock_06312.jpg,8,29,28
clock_06313.jpg,1,59,47
clock_06314.jpg,7,51,34
clock_06315.jpg,11,16,22
clock_06316.jpg,4,52,50
clock_06317.jpg,10,33,49
clock_06318.jpg,10,10,18
clock_06319.jpg,9,48,57
clock_06320.jpg,8,25,48
clock_06321.jpg,10,31,52
clock_06322.jpg,0,7,36
clock_06323.jpg,9,15,21
clock_06324.jpg,7,17,36
clock_06325.jpg,3,29,38
clock_06326.jpg,5,23,43
clock_06327.jpg,10,12,2
clock_06328.jpg,1,37,58
clock_06329.jpg,10,43,51
clock_06330.jpg,0,42,2
clock_06331.jpg,8,26,41
clock_06332.jpg,2,0,9
clock_06333.jpg,11,57,55
clock_06334.jpg,3,22,32
clock_06335.jpg,7,4,51
clock_06336.jpg,8,4,11
clock_06337.jpg,10,59,58
clock_06338.jpg,3,5,57
clock_06339.jpg,7,33,45
clock_06340.jpg,10,55,28
clock_06341.jpg,9,42,17
clock_06342.jpg,2,33,44
clock_06343.jpg,2,41,20
clock_06344.jpg,3,43,57
clock_06345.jpg,9,26,47
clock_06346.jpg,2,44,31
clock_06347.jpg,10,15,9
clock_06348.jpg,6,35,40
clock_06349.jpg,9,20,24
clock_06350.jpg,7,9,34
clock_06351.jpg,9,15,51
clock_06352.jpg,9,16,18
clock_06353.jpg,11,25,39
clock_06354.jpg,5,3,36
clock_06355.jpg,3,9,37
clock_06356.jpg,3,34,55
clock_06357.jpg,9,10,22
clock_06358.jpg,8,40,23
clock_06359.jpg,4,38,0
clock_06360.jpg,6,14,37
clock_06361.jpg,4,25,35
clock_06362.jpg,1,42,52
clock_06363.jpg,1,27,31
clock_06364.jpg,5,17,50
clock_06365.jpg,8,16,31
clock_06366.jpg,9,54,50
clock_06367.jpg,10,56,8
clock_06368.jpg,5,26,2
clock_06369.jpg,10,52,6
clock_06370.jpg,0,41,2
clock_06371.jpg,9,44,30
clock_06372.jpg,10,55,1
clock_06373.jpg,8,23,48
clock_06374.jpg,1,13,41
clock_06375.jpg,1,55,4
clock_06376.jpg,1,7,30
clock_06377.jpg,4,18,54
clock_06378.jpg,5,12,42
clock_06379.jpg,9,30,40
clock_06380.jpg,1,3,53
clock_06381.jpg,3,29,22
clock_06382.jpg,7,10,39
clock_06383.jpg,5,45,12
clock_06384.jpg,3,56,8
clock_06385.jpg,7,9,19
clock_06386.jpg,1,36,37
clock_06387.jpg,8,1,31
clock_06388.jpg,8,6,16
clock_06389.jpg,10,0,13
clock_06390.jpg,7,22,46
clock_06391.jpg,10,39,51
clock_06392.jpg,9,15,43
clock_06393.jpg,0,42,11
clock_06394.jpg,2,22,20
clock_06395.jpg,2,45,33
clock_06396.jpg,1,11,27
clock_06397.jpg,6,4,47
clock_06398.jpg,3,39,21
clock_06399.jpg,10,22,16
clock_06400.jpg,9,48,45
clock_06401.jpg,4,26,39
clock_06402.jpg,11,18,10
clock_06403.jpg,4,43,32
clock_06404.jpg,0,59,22
clock_06405.jpg,5,24,46
clock_06406.jpg,4,42,55
clock_06407.jpg,5,25,40
clock_06408.jpg,9,56,49
clock_06409.jpg,6,16,49
clock_06410.jpg,4,43,27
clock_06411.jpg,3,29,11
clock_06412.jpg,6,37,14
clock_06413.jpg,6,16,51
clock_06414.jpg,2,40,39
clock_06415.jpg,4,16,2
clock_06416.jpg,4,22,13
clock_06417.jpg,10,33,13
clock_06418.jpg,7,11,30
clock_06419.jpg,1,16,36
clock_06420.jpg,6,33,13
clock_06421.jpg,2,46,31
clock_06422.jpg,0,19,24
clock_06423.jpg,10,37,58
clock_06424.jpg,10,47,1
clock_06425.jpg,4,57,26
clock_06426.jpg,11,22,0
clock_06427.jpg,4,30,30
clock_06428.jpg,7,35,32
clock_06429.jpg,10,46,42
clock_06430.jpg,9,21,52
clock_06431.jpg,5,45,11
clock_06432.jpg,2,41,36
clock_06433.jpg,8,55,53
clock_06434.jpg,10,12,26
clock_06435.jpg,1,56,4
clock_06436.jpg,9,32,49
clock_06437.jpg,3,54,21
clock_06438.jpg,4,46,45
clock_06439.jpg,8,17,50
clock_06440.jpg,10,53,10
clock_06441.jpg,2,39,28
clock_06442.jpg,4,30,56
clock_06443.jpg,0,54,54
clock_06444.jpg,4,35,59
clock_06445.jpg,3,12,37
clock_06446.jpg,7,12,39
clock_06447.jpg,3,27,2
clock_06448.jpg,5,19,37
clock_06449.jpg,10,19,48
clock_06450.jpg,7,28,14
clock_06451.jpg,6,40,38
clock_06452.jpg,10,58,12
clock_06453.jpg,11,0,22
clock_06454.jpg,10,30,54
clock_06455.jpg,2,46,2
clock_06456.jpg,2,28,9
clock_06457.jpg,4,19,55
clock_06458.jpg,2,39,30
clock_06459.jpg,9,54,26
clock_06460.jpg,2,25,23
clock_06461.jpg,11,30,1
clock_06462.jpg,2,30,24
clock_06463.jpg,11,30,34
clock_06464.jpg,2,36,39
clock_06465.jpg,9,56,56
clock_06466.jpg,3,10,1
clock_06467.jpg,6,14,46
clock_06468.jpg,7,55,22
clock_06469.jpg,3,14,17
clock_06470.jpg,5,57,50
clock_06471.jpg,10,21,17
clock_06472.jpg,0,23,22
clock_06473.jpg,0,4,20
clock_06474.jpg,0,49,42
clock_06475.jpg,10,40,47
clock_06476.jpg,0,27,27
clock_06477.jpg,5,29,33
clock_06478.jpg,0,20,28
clock_06479.jpg,7,42,23
clock_06480.jpg,6,48,52
clock_06481.jpg,0,41,3
clock_06482.jpg,4,6,49
clock_06483.jpg,8,24,4
clock_06484.jpg,2,17,3
clock_06485.jpg,3,41,52
clock_06486.jpg,11,44,16
clock_06487.jpg,11,32,15
clock_06488.jpg,9,30,52
clock_06489.jpg,0,26,49
clock_06490.jpg,9,16,8
clock_06491.jpg,9,11,7
clock_06492.jpg,2,42,42
clock_06493.jpg,9,10,1
clock_06494.jpg,11,27,15
clock_06495.jpg,1,0,18
clock_06496.jpg,9,28,32
clock_06497.jpg,0,11,22
clock_06498.jpg,4,29,1
clock_06499.jpg,7,39,34
clock_06500.jpg,8,11,20
clock_06501.jpg,3,6,37
clock_06502.jpg,8,16,45
clock_06503.jpg,2,51,12
clock_06504.jpg,11,11,44
clock_06505.jpg,6,46,22
clock_06506.jpg,7,35,28
clock_06507.jpg,10,19,25
clock_06508.jpg,1,58,5
clock_06509.jpg,7,53,18
clock_06510.jpg,11,10,32
clock_06511.jpg,11,38,43
clock_06512.jpg,3,56,47
clock_06513.jpg,9,52,34
clock_06514.jpg,3,24,22
clock_06515.jpg,4,25,0
clock_06516.jpg,9,39,30
clock_06517.jpg,11,17,52
clock_06518.jpg,8,25,42
clock_06519.jpg,10,47,52
clock_06520.jpg,7,56,42
clock_06521.jpg,10,52,40
clock_06522.jpg,7,27,0
clock_06523.jpg,4,7,24
clock_06524.jpg,11,12,23
clock_06525.jpg,6,11,54
clock_06526.jpg,5,23,26
clock_06527.jpg,1,4,51
clock_06528.jpg,11,14,28
clock_06529.jpg,6,38,36
clock_06530.jpg,9,30,55
clock_06531.jpg,8,41,18
clock_06532.jpg,8,31,32
clock_06533.jpg,9,12,51
clock_06534.jpg,4,9,16
clock_06535.jpg,3,16,47
clock_06536.jpg,10,1,35
clock_06537.jpg,3,16,21
clock_06538.jpg,7,34,14
clock_06539.jpg,8,44,28
clock_06540.jpg,0,36,43
clock_06541.jpg,9,25,48
clock_06542.jpg,3,22,6
clock_06543.jpg,1,34,47
clock_06544.jpg,8,11,29
clock_06545.jpg,9,19,28
clock_06546.jpg,5,42,25
clock_06547.jpg,11,22,16
clock_06548.jpg,2,44,5
clock_06549.jpg,7,9,16
clock_06550.jpg,1,42,52
clock_06551.jpg,3,51,36
clock_06552.jpg,5,11,33
clock_06553.jpg,11,1,3
clock_06554.jpg,6,13,54
clock_06555.jpg,10,12,15
clock_06556.jpg,3,48,31
clock_06557.jpg,10,13,45
clock_06558.jpg,9,18,41
clock_06559.jpg,3,25,18
clock_06560.jpg,10,23,35
clock_06561.jpg,9,13,24
clock_06562.jpg,4,53,16
clock_06563.jpg,5,58,11
clock_06564.jpg,4,46,29
clock_06565.jpg,10,48,15
clock_06566.jpg,10,46,59
clock_06567.jpg,5,37,16
clock_06568.jpg,11,10,46
clock_06569.jpg,8,52,1
clock_06570.jpg,5,41,30
clock_06571.jpg,10,34,50
clock_06572.jpg,3,10,40
clock_06573.jpg,9,10,52
clock_06574.jpg,2,18,38
clock_06575.jpg,8,48,37
clock_06576.jpg,2,49,53
clock_06577.jpg,6,37,45
clock_06578.jpg,0,48,6
clock_06579.jpg,8,19,34
clock_06580.jpg,3,10,29
clock_06581.jpg,9,44,22
clock_06582.jpg,10,58,31
clock_06583.jpg,0,15,14
clock_06584.jpg,6,49,22
clock_06585.jpg,1,29,45
clock_06586.jpg,1,32,9
clock_06587.jpg,7,40,20
clock_06588.jpg,8,8,41
clock_06589.jpg,11,28,6
clock_06590.jpg,2,52,26
clock_06591.jpg,2,58,16
clock_06592.jpg,1,7,32
clock_06593.jpg,8,30,3
clock_06594.jpg,5,10,10
clock_06595.jpg,0,36,10
clock_06596.jpg,11,41,23
clock_06597.jpg,7,51,29
clock_06598.jpg,1,52,7
clock_06599.jpg,4,55,31
clock_06600.jpg,3,17,9
clock_06601.jpg,3,18,59
clock_06602.jpg,8,49,32
clock_06603.jpg,6,1,11
clock_06604.jpg,0,12,11
clock_06605.jpg,2,3,14
clock_06606.jpg,10,5,52
clock_06607.jpg,10,26,45
clock_06608.jpg,1,27,32
clock_06609.jpg,2,36,56
clock_06610.jpg,2,7,5
clock_06611.jpg,7,33,49
clock_06612.jpg,8,56,21
clock_06613.jpg,11,38,54
clock_06614.jpg,10,44,42
clock_06615.jpg,8,33,32
clock_06616.jpg,1,25,43
clock_06617.jpg,0,30,40
clock_06618.jpg,4,10,42
clock_06619.jpg,10,48,54
clock_06620.jpg,10,48,4
clock_06621.jpg,6,23,21
clock_06622.jpg,1,28,52
clock_06623.jpg,10,18,35
clock_06624.jpg,5,15,1
clock_06625.jpg,0,33,50
clock_06626.jpg,3,25,5
clock_06627.jpg,3,41,49
clock_06628.jpg,11,17,35
clock_06629.jpg,2,28,20
clock_06630.jpg,8,28,30
clock_06631.jpg,7,54,17
clock_06632.jpg,7,50,44
clock_06633.jpg,1,53,11
clock_06634.jpg,5,50,0
clock_06635.jpg,3,41,57
clock_06636.jpg,6,7,44
clock_06637.jpg,9,41,3
clock_06638.jpg,11,17,22
clock_06639.jpg,5,7,3
clock_06640.jpg,10,44,14
clock_06641.jpg,0,9,31
clock_06642.jpg,4,13,16
clock_06643.jpg,0,36,7
clock_06644.jpg,9,22,59
clock_06645.jpg,9,51,45
clock_06646.jpg,4,53,40
clock_06647.jpg,5,0,10
clock_06648.jpg,0,42,51
clock_06649.jpg,4,43,53
clock_06650.jpg,4,53,9
clock_06651.jpg,2,35,47
clock_06652.jpg,4,51,58
clock_06653.jpg,7,58,21
clock_06654.jpg,11,17,24
clock_06655.jpg,7,10,33
clock_06656.jpg,4,2,5
clock_06657.jpg,8,55,30
clock_06658.jpg,9,30,23
clock_06659.jpg,3,1,0
clock_06660.jpg,1,8,50
clock_06661.jpg,1,35,28
clock_06662.jpg,3,42,59
clock_06663.jpg,3,29,39
clock_06664.jpg,9,24,30
clock_06665.jpg,5,40,2
clock_06666.jpg,10,22,10
clock_06667.jpg,3,50,7
clock_06668.jpg,1,25,37
clock_06669.jpg,3,6,35
clock_06670.jpg,0,15,50
clock_06671.jpg,8,47,35
clock_06672.jpg,2,22,19
clock_06673.jpg,0,17,49
clock_06674.jpg,3,13,18
clock_06675.jpg,5,26,21
clock_06676.jpg,6,51,14
clock_06677.jpg,5,17,29
clock_06678.jpg,6,37,34
clock_06679.jpg,6,57,26
clock_06680.jpg,1,47,28
clock_06681.jpg,11,0,9
clock_06682.jpg,3,50,28
clock_06683.jpg,4,12,11
clock_06684.jpg,1,13,1
clock_06685.jpg,2,41,8
clock_06686.jpg,0,50,0
clock_06687.jpg,1,52,14
clock_06688.jpg,6,29,5
clock_06689.jpg,10,9,18
clock_06690.jpg,8,11,19
clock_06691.jpg,7,36,0
clock_06692.jpg,1,3,25
clock_06693.jpg,11,10,17
clock_06694.jpg,11,48,33
clock_06695.jpg,5,46,23
clock_06696.jpg,9,0,30
clock_06697.jpg,3,53,23
clock_06698.jpg,7,49,17
clock_06699.jpg,2,30,13
clock_06700.jpg,7,38,3
clock_06701.jpg,0,22,20
clock_06702.jpg,11,19,48
clock_06703.jpg,2,1,26
clock_06704.jpg,8,45,30
clock_06705.jpg,8,17,12
clock_06706.jpg,0,58,55
clock_06707.jpg,4,45,29
clock_06708.jpg,10,44,16
clock_06709.jpg,9,51,19
clock_06710.jpg,6,41,17
clock_06711.jpg,11,56,6
clock_06712.jpg,10,45,10
clock_06713.jpg,7,16,55
clock_06714.jpg,4,39,47
clock_06715.jpg,11,53,48
clock_06716.jpg,11,11,54
clock_06717.jpg,10,46,0
clock_06718.jpg,7,24,2
clock_06719.jpg,8,15,4
clock_06720.jpg,2,52,30
clock_06721.jpg,11,23,27
clock_06722.jpg,8,41,0
clock_06723.jpg,1,53,17
clock_06724.jpg,2,43,20
clock_06725.jpg,10,47,59
clock_06726.jpg,3,1,50
clock_06727.jpg,5,23,36
clock_06728.jpg,3,29,30
clock_06729.jpg,0,55,57
clock_06730.jpg,8,41,46
clock_06731.jpg,8,19,55
clock_06732.jpg,2,13,40
clock_06733.jpg,4,24,30
clock_06734.jpg,1,49,26
clock_06735.jpg,2,52,51
clock_06736.jpg,7,39,49
clock_06737.jpg,8,20,49
clock_06738.jpg,2,25,11
clock_06739.jpg,4,37,24
clock_06740.jpg,2,10,36
clock_06741.jpg,3,55,22
clock_06742.jpg,4,41,18
clock_06743.jpg,2,39,32
clock_06744.jpg,11,38,50
clock_06745.jpg,1,55,15
clock_06746.jpg,5,42,54
clock_06747.jpg,0,32,21
clock_06748.jpg,8,20,4
clock_06749.jpg,5,5,39
clock_06750.jpg,9,30,21
clock_06751.jpg,10,21,44
clock_06752.jpg,5,33,7
clock_06753.jpg,2,13,22
clock_06754.jpg,6,34,10
clock_06755.jpg,4,14,10
clock_06756.jpg,7,58,32
clock_06757.jpg,0,37,41
clock_06758.jpg,11,17,0
clock_06759.jpg,7,39,42
clock_06760.jpg,4,47,7
clock_06761.jpg,3,35,1
clock_06762.jpg,2,16,43
clock_06763.jpg,3,32,27
clock_06764.jpg,8,3,51
clock_06765.jpg,11,55,29
clock_06766.jpg,1,11,49
clock_06767.jpg,8,34,47
clock_06768.jpg,2,51,45
clock_06769.jpg,10,31,34
clock_06770.jpg,2,37,54
clock_06771.jpg,7,10,2
clock_06772.jpg,2,1,54
clock_06773.jpg,10,27,34
clock_06774.jpg,8,22,40
clock_06775.jpg,9,28,33
clock_06776.jpg,9,17,12
clock_06777.jpg,2,45,52
clock_06778.jpg,0,36,39
clock_06779.jpg,7,43,38
clock_06780.jpg,2,59,2
clock_06781.jpg,5,5,20
clock_06782.jpg,7,27,58
clock_06783.jpg,10,6,7
clock_06784.jpg,2,25,25
clock_06785.jpg,9,40,57
clock_06786.jpg,10,33,29
clock_06787.jpg,10,51,0
clock_06788.jpg,7,53,46
clock_06789.jpg,7,37,38
clock_06790.jpg,2,4,2
clock_06791.jpg,9,32,14
clock_06792.jpg,3,38,38
clock_06793.jpg,11,12,47
clock_06794.jpg,7,0,47
clock_06795.jpg,4,30,4
clock_06796.jpg,10,40,27
clock_06797.jpg,4,51,47
clock_06798.jpg,7,20,7
clock_06799.jpg,4,46,30
clock_06800.jpg,10,11,46
clock_06801.jpg,4,39,2
clock_06802.jpg,11,9,36
clock_06803.jpg,2,26,1
clock_06804.jpg,5,32,20
clock_06805.jpg,5,46,44
clock_06806.jpg,1,46,48
clock_06807.jpg,2,55,18
clock_06808.jpg,1,50,5
clock_06809.jpg,6,17,57
clock_06810.jpg,7,50,32
clock_06811.jpg,11,9,53
clock_06812.jpg,11,41,2
clock_06813.jpg,8,19,38
clock_06814.jpg,10,53,44
clock_06815.jpg,1,4,40
clock_06816.jpg,1,41,48
clock_06817.jpg,3,47,22
clock_06818.jpg,5,16,6
clock_06819.jpg,3,57,35
clock_06820.jpg,8,54,34
clock_06821.jpg,9,4,27
clock_06822.jpg,9,35,31
clock_06823.jpg,2,15,25
clock_06824.jpg,11,14,47
clock_06825.jpg,1,18,21
clock_06826.jpg,6,39,45
clock_06827.jpg,6,36,5
clock_06828.jpg,6,43,59
clock_06829.jpg,6,59,49
clock_06830.jpg,11,18,19
clock_06831.jpg,11,41,50
clock_06832.jpg,0,0,9
clock_06833.jpg,0,58,40
clock_06834.jpg,4,52,55
clock_06835.jpg,11,58,33
clock_06836.jpg,6,10,40
clock_06837.jpg,2,26,10
clock_06838.jpg,2,14,3
clock_06839.jpg,4,59,28
clock_06840.jpg,7,18,24
clock_06841.jpg,8,2,40
clock_06842.jpg,5,43,32
clock_06843.jpg,5,58,43
clock_06844.jpg,11,5,44
clock_06845.jpg,1,19,53
clock_06846.jpg,4,18,50
clock_06847.jpg,10,28,59
clock_06848.jpg,3,11,20
clock_06849.jpg,5,27,53
clock_06850.jpg,0,48,48
clock_06851.jpg,10,45,56
clock_06852.jpg,11,3,48
clock_06853.jpg,6,16,18
clock_06854.jpg,4,13,41
clock_06855.jpg,10,50,44
clock_06856.jpg,3,28,8
clock_06857.jpg,0,52,9
clock_06858.jpg,7,23,37
clock_06859.jpg,8,30,10
clock_06860.jpg,7,35,31
clock_06861.jpg,0,18,21
clock_06862.jpg,3,5,20
clock_06863.jpg,9,24,47
clock_06864.jpg,3,48,37
clock_06865.jpg,8,2,51
clock_06866.jpg,4,12,24
clock_06867.jpg,3,40,50
clock_06868.jpg,3,37,31
clock_06869.jpg,5,26,33
clock_06870.jpg,0,9,58
clock_06871.jpg,7,34,10
clock_06872.jpg,8,2,42
clock_06873.jpg,1,16,58
clock_06874.jpg,4,6,50
clock_06875.jpg,5,8,55
clock_06876.jpg,11,0,21
clock_06877.jpg,7,17,14
clock_06878.jpg,2,27,39
clock_06879.jpg,1,16,41
clock_06880.jpg,5,14,6
clock_06881.jpg,4,49,23
clock_06882.jpg,3,15,20
clock_06883.jpg,6,53,32
clock_06884.jpg,8,59,27
clock_06885.jpg,10,49,24
clock_06886.jpg,9,34,37
clock_06887.jpg,7,2,9
clock_06888.jpg,0,28,29
clock_06889.jpg,9,22,24
clock_06890.jpg,9,9,35
clock_06891.jpg,10,15,6
clock_06892.jpg,6,45,55
clock_06893.jpg,7,52,48
clock_06894.jpg,5,10,8
clock_06895.jpg,3,26,58
clock_06896.jpg,7,18,30
clock_06897.jpg,8,42,19
clock_06898.jpg,1,30,48
clock_06899.jpg,10,52,27
clock_06900.jpg,3,52,28
clock_06901.jpg,0,17,19
clock_06902.jpg,6,56,48
clock_06903.jpg,1,41,45
clock_06904.jpg,8,32,36
clock_06905.jpg,6,16,34
clock_06906.jpg,11,55,23
clock_06907.jpg,9,12,17
clock_06908.jpg,6,51,33
clock_06909.jpg,10,2,32
clock_06910.jpg,6,34,53
clock_06911.jpg,9,42,9
clock_06912.jpg,8,15,59
clock_06913.jpg,0,2,48
clock_06914.jpg,7,54,5
clock_06915.jpg,9,34,2
clock_06916.jpg,8,2,55
clock_06917.jpg,9,17,47
clock_06918.jpg,5,30,51
clock_06919.jpg,9,42,53
clock_06920.jpg,0,37,24
clock_06921.jpg,4,9,36
clock_06922.jpg,6,9,8
clock_06923.jpg,10,28,31
clock_06924.jpg,6,46,36
clock_06925.jpg,8,17,35
clock_06926.jpg,6,49,44
clock_06927.jpg,11,32,4
clock_06928.jpg,7,52,29
clock_06929.jpg,8,16,26
clock_06930.jpg,3,17,30
clock_06931.jpg,3,21,58
clock_06932.jpg,10,8,3
clock_06933.jpg,10,59,0
clock_06934.jpg,11,46,7
clock_06935.jpg,8,3,15
clock_06936.jpg,11,57,32
clock_06937.jpg,4,54,54
clock_06938.jpg,5,0,57
clock_06939.jpg,2,41,14
clock_06940.jpg,5,32,1
clock_06941.jpg,5,55,45
clock_06942.jpg,3,7,27
clock_06943.jpg,4,4,11
clock_06944.jpg,7,5,16
clock_06945.jpg,7,47,30
clock_06946.jpg,8,17,26
clock_06947.jpg,4,53,13
clock_06948.jpg,3,21,48
clock_06949.jpg,0,28,52
clock_06950.jpg,6,6,38
clock_06951.jpg,1,33,54
clock_06952.jpg,0,43,18
clock_06953.jpg,1,42,29
clock_06954.jpg,9,48,35
clock_06955.jpg,8,39,57
clock_06956.jpg,10,35,45
clock_06957.jpg,6,22,25
clock_06958.jpg,11,37,9
clock_06959.jpg,9,32,4
clock_06960.jpg,3,56,4
clock_06961.jpg,5,40,54
clock_06962.jpg,3,17,31
clock_06963.jpg,4,37,21
clock_06964.jpg,4,50,39
clock_06965.jpg,8,6,45
clock_06966.jpg,0,14,47
clock_06967.jpg,2,12,3
clock_06968.jpg,1,7,28
clock_06969.jpg,4,31,30
clock_06970.jpg,6,29,42
clock_06971.jpg,1,20,12
clock_06972.jpg,6,50,23
clock_06973.jpg,3,14,19
clock_06974.jpg,7,20,16
clock_06975.jpg,0,8,32
clock_06976.jpg,7,20,30
clock_06977.jpg,4,44,13
clock_06978.jpg,4,5,14
clock_06979.jpg,7,8,59
clock_06980.jpg,7,27,10
clock_06981.jpg,7,17,49
clock_06982.jpg,9,31,46
clock_06983.jpg,0,50,17
clock_06984.jpg,1,58,35
clock_06985.jpg,6,17,20
clock_06986.jpg,11,41,57
clock_06987.jpg,7,6,51
clock_06988.jpg,7,32,28
clock_06989.jpg,5,36,6
clock_06990.jpg,5,17,36
clock_06991.jpg,2,48,17
clock_06992.jpg,7,17,50
clock_06993.jpg,5,3,51
clock_06994.jpg,6,11,52
clock_06995.jpg,1,47,45
clock_06996.jpg,4,24,13
clock_06997.jpg,1,19,58
clock_06998.jpg,11,31,30
clock_06999.jpg,4,26,47
clock_07000.jpg,8,48,17
clock_07001.jpg,9,35,11
clock_07002.jpg,10,44,36
clock_07003.jpg,5,35,55
clock_07004.jpg,2,45,37
clock_07005.jpg,11,18,58
clock_07006.jpg,11,5,40
clock_07007.jpg,2,8,37
clock_07008.jpg,7,28,51
clock_07009.jpg,6,29,6
clock_07010.jpg,4,36,9
clock_07011.jpg,6,28,38
clock_07012.jpg,9,26,14
clock_07013.jpg,10,20,28
clock_07014.jpg,0,54,3
clock_07015.jpg,10,38,31
clock_07016.jpg,2,0,15
clock_07017.jpg,0,44,59
clock_07018.jpg,7,41,52
clock_07019.jpg,4,42,20
clock_07020.jpg,6,33,52
clock_07021.jpg,0,18,59
clock_07022.jpg,8,27,46
clock_07023.jpg,11,53,4
clock_07024.jpg,8,31,43
clock_07025.jpg,0,3,45
clock_07026.jpg,6,7,56
clock_07027.jpg,4,51,3
clock_07028.jpg,7,32,40
clock_07029.jpg,7,36,39
clock_07030.jpg,0,49,40
clock_07031.jpg,3,4,11
clock_07032.jpg,11,33,48
clock_07033.jpg,7,29,5
clock_07034.jpg,1,27,12
clock_07035.jpg,1,8,39
clock_07036.jpg,5,18,19
clock_07037.jpg,1,26,31
clock_07038.jpg,7,24,17
clock_07039.jpg,9,6,29
clock_07040.jpg,2,3,11
clock_07041.jpg,2,51,30
clock_07042.jpg,9,8,0
clock_07043.jpg,9,15,44
clock_07044.jpg,5,54,10
clock_07045.jpg,7,48,38
clock_07046.jpg,10,45,16
clock_07047.jpg,11,4,22
clock_07048.jpg,6,3,34
clock_07049.jpg,10,15,36
clock_07050.jpg,10,35,58
clock_07051.jpg,11,59,24
clock_07052.jpg,10,10,26
clock_07053.jpg,5,13,39
clock_07054.jpg,4,18,11
clock_07055.jpg,5,37,17
clock_07056.jpg,5,22,18
clock_07057.jpg,1,12,3
clock_07058.jpg,4,43,24
clock_07059.jpg,11,19,20
clock_07060.jpg,7,29,13
clock_07061.jpg,10,10,35
clock_07062.jpg,1,11,51
clock_07063.jpg,2,11,43
clock_07064.jpg,6,10,40
clock_07065.jpg,3,25,3
clock_07066.jpg,3,55,0
clock_07067.jpg,8,6,48
clock_07068.jpg,8,28,34
clock_07069.jpg,9,20,36
clock_07070.jpg,6,33,0
clock_07071.jpg,10,17,29
clock_07072.jpg,11,17,24
clock_07073.jpg,10,58,10
clock_07074.jpg,8,51,50
clock_07075.jpg,3,31,13
clock_07076.jpg,4,57,17
clock_07077.jpg,7,6,11
clock_07078.jpg,5,36,58
clock_07079.jpg,8,56,36
clock_07080.jpg,1,41,10
clock_07081.jpg,8,1,56
clock_07082.jpg,2,28,10
clock_07083.jpg,8,28,30
clock_07084.jpg,9,58,17
clock_07085.jpg,5,6,9
clock_07086.jpg,5,59,21
clock_07087.jpg,2,19,28
clock_07088.jpg,7,31,54
clock_07089.jpg,8,17,24
clock_07090.jpg,8,12,45
clock_07091.jpg,3,17,18
clock_07092.jpg,1,16,18
clock_07093.jpg,8,37,56
clock_07094.jpg,1,6,33
clock_07095.jpg,7,31,42
clock_07096.jpg,7,47,5
clock_07097.jpg,9,4,35
clock_07098.jpg,10,24,23
clock_07099.jpg,8,40,1
clock_07100.jpg,2,18,28
clock_07101.jpg,8,27,54
clock_07102.jpg,8,43,35
clock_07103.jpg,1,18,20
clock_07104.jpg,5,55,6
clock_07105.jpg,1,33,36
clock_07106.jpg,3,42,26
clock_07107.jpg,10,31,38
clock_07108.jpg,4,50,56
clock_07109.jpg,8,39,46
clock_07110.jpg,7,36,53
clock_07111.jpg,5,38,52
clock_07112.jpg,11,12,9
clock_07113.jpg,2,37,45
clock_07114.jpg,11,57,26
clock_07115.jpg,6,0,21
clock_07116.jpg,9,1,25
clock_07117.jpg,3,40,22
clock_07118.jpg,2,18,0
clock_07119.jpg,3,35,29
clock_07120.jpg,1,52,25
clock_07121.jpg,7,46,50
clock_07122.jpg,8,53,2
clock_07123.jpg,2,33,49
clock_07124.jpg,7,31,43
clock_07125.jpg,8,59,55
clock_07126.jpg,6,14,27
clock_07127.jpg,4,42,22
clock_07128.jpg,5,17,11
clock_07129.jpg,6,44,50
clock_07130.jpg,6,22,24
clock_07131.jpg,4,2,3
clock_07132.jpg,8,30,42
clock_07133.jpg,7,37,35
clock_07134.jpg,9,8,55
clock_07135.jpg,9,35,38
clock_07136.jpg,8,34,20
clock_07137.jpg,10,27,17
clock_07138.jpg,0,28,0
clock_07139.jpg,5,56,35
clock_07140.jpg,3,12,11
clock_07141.jpg,10,32,41
clock_07142.jpg,5,28,28
clock_07143.jpg,1,28,15
clock_07144.jpg,3,20,17
clock_07145.jpg,0,14,16
clock_07146.jpg,5,44,21
clock_07147.jpg,2,19,53
clock_07148.jpg,3,52,3
clock_07149.jpg,1,17,13
clock_07150.jpg,10,54,35
clock_07151.jpg,5,57,13
clock_07152.jpg,7,55,17
clock_07153.jpg,1,35,50
clock_07154.jpg,9,31,43
clock_07155.jpg,5,32,58
clock_07156.jpg,0,26,17
clock_07157.jpg,9,3,11
clock_07158.jpg,6,54,35
clock_07159.jpg,2,12,55
clock_07160.jpg,11,3,32
clock_07161.jpg,6,42,12
clock_07162.jpg,1,44,0
clock_07163.jpg,10,37,32
clock_07164.jpg,0,44,50
clock_07165.jpg,9,58,44
clock_07166.jpg,10,23,5
clock_07167.jpg,0,23,32
clock_07168.jpg,10,23,19
clock_07169.jpg,8,5,22
clock_07170.jpg,9,50,42
clock_07171.jpg,7,40,31
clock_07172.jpg,7,51,48
clock_07173.jpg,1,39,51
clock_07174.jpg,9,55,49
clock_07175.jpg,0,36,26
clock_07176.jpg,0,51,35
clock_07177.jpg,5,53,25
clock_07178.jpg,9,36,6
clock_07179.jpg,11,20,45
clock_07180.jpg,1,28,44
clock_07181.jpg,5,52,13
clock_07182.jpg,0,15,28
clock_07183.jpg,9,46,34
clock_07184.jpg,7,28,37
clock_07185.jpg,5,2,28
clock_07186.jpg,6,42,41
clock_07187.jpg,2,36,49
clock_07188.jpg,0,21,12
clock_07189.jpg,5,40,2
clock_07190.jpg,8,27,8
clock_07191.jpg,9,56,38
clock_07192.jpg,2,53,0
clock_07193.jpg,11,0,52
clock_07194.jpg,9,7,48
clock_07195.jpg,10,2,47
clock_07196.jpg,1,13,48
clock_07197.jpg,2,6,32
clock_07198.jpg,8,36,3
clock_07199.jpg,5,17,50
clock_07200.jpg,8,55,9
clock_07201.jpg,0,19,6
clock_07202.jpg,2,5,12
clock_07203.jpg,7,18,24
clock_07204.jpg,10,1,13
clock_07205.jpg,7,8,11
clock_07206.jpg,10,55,2
clock_07207.jpg,0,16,47
clock_07208.jpg,11,30,18
clock_07209.jpg,11,58,36
clock_07210.jpg,4,43,41
clock_07211.jpg,7,31,49
clock_07212.jpg,9,34,38
clock_07213.jpg,7,58,56
clock_07214.jpg,9,26,18
clock_07215.jpg,2,3,25
clock_07216.jpg,0,48,38
clock_07217.jpg,1,51,34
clock_07218.jpg,9,1,10
clock_07219.jpg,3,8,2
clock_07220.jpg,2,49,35
clock_07221.jpg,4,26,4
clock_07222.jpg,3,21,1
clock_07223.jpg,4,0,37
clock_07224.jpg,6,17,38
clock_07225.jpg,2,47,15
clock_07226.jpg,6,33,26
clock_07227.jpg,6,59,8
clock_07228.jpg,10,38,21
clock_07229.jpg,4,50,28
clock_07230.jpg,7,16,49
clock_07231.jpg,2,51,53
clock_07232.jpg,6,25,14
clock_07233.jpg,8,28,38
clock_07234.jpg,3,56,35
clock_07235.jpg,5,35,59
clock_07236.jpg,1,36,44
clock_07237.jpg,4,1,25
clock_07238.jpg,11,18,16
clock_07239.jpg,6,29,11
clock_07240.jpg,2,16,25
clock_07241.jpg,6,21,40
clock_07242.jpg,11,23,19
clock_07243.jpg,9,48,21
clock_07244.jpg,4,53,38
clock_07245.jpg,10,43,35
clock_07246.jpg,4,51,21
clock_07247.jpg,3,19,43
clock_07248.jpg,7,40,25
clock_07249.jpg,11,15,1
clock_07250.jpg,8,56,37
clock_07251.jpg,8,9,53
clock_07252.jpg,9,47,28
clock_07253.jpg,5,12,8
clock_07254.jpg,1,37,15
clock_07255.jpg,3,14,21
clock_07256.jpg,8,49,47
clock_07257.jpg,4,15,22
clock_07258.jpg,0,9,41
clock_07259.jpg,0,28,22
clock_07260.jpg,4,16,27
clock_07261.jpg,6,46,4
clock_07262.jpg,1,51,58
clock_07263.jpg,11,16,40
clock_07264.jpg,6,44,36
clock_07265.jpg,1,48,42
clock_07266.jpg,5,34,7
clock_07267.jpg,5,29,51
clock_07268.jpg,1,51,50
clock_07269.jpg,11,5,5
clock_07270.jpg,7,25,53
clock_07271.jpg,3,31,24
clock_07272.jpg,11,37,39
clock_07273.jpg,10,33,2
clock_07274.jpg,5,30,14
clock_07275.jpg,0,34,29
clock_07276.jpg,10,39,50
clock_07277.jpg,4,3,33
clock_07278.jpg,11,4,48
clock_07279.jpg,1,24,4
clock_07280.jpg,8,55,27
clock_07281.jpg,3,24,53
clock_07282.jpg,4,12,32
clock_07283.jpg,7,44,50
clock_07284.jpg,4,52,10
clock_07285.jpg,9,54,57
clock_07286.jpg,7,25,23
clock_07287.jpg,11,36,57
clock_07288.jpg,6,16,6
clock_07289.jpg,0,58,14
clock_07290.jpg,6,36,30
clock_07291.jpg,2,4,49
clock_07292.jpg,0,23,42
clock_07293.jpg,1,47,49
clock_07294.jpg,0,50,36
clock_07295.jpg,1,30,58
clock_07296.jpg,7,26,58
clock_07297.jpg,0,54,37
clock_07298.jpg,1,44,28
clock_07299.jpg,5,38,10
clock_07300.jpg,5,20,32
clock_07301.jpg,0,56,9
clock_07302.jpg,6,25,47
clock_07303.jpg,0,46,30
clock_07304.jpg,8,39,42
clock_07305.jpg,0,39,42
clock_07306.jpg,6,17,14
clock_07307.jpg,7,17,42
clock_07308.jpg,5,34,33
clock_07309.jpg,4,45,20
clock_07310.jpg,10,14,11
clock_07311.jpg,1,46,26
clock_07312.jpg,5,54,31
clock_07313.jpg,1,21,3
clock_07314.jpg,0,8,42
clock_07315.jpg,1,50,20
clock_07316.jpg,6,13,28
clock_07317.jpg,0,21,8
clock_07318.jpg,4,29,14
clock_07319.jpg,5,31,22
clock_07320.jpg,9,36,41
clock_07321.jpg,0,4,37
clock_07322.jpg,11,7,29
clock_07323.jpg,1,54,6
clock_07324.jpg,3,46,12
clock_07325.jpg,2,51,4
clock_07326.jpg,1,57,8
clock_07327.jpg,4,22,39
clock_07328.jpg,7,43,13
clock_07329.jpg,11,42,51
clock_07330.jpg,2,50,56
clock_07331.jpg,8,22,26
clock_07332.jpg,6,34,41
clock_07333.jpg,2,55,13
clock_07334.jpg,6,40,0
clock_07335.jpg,0,24,9
clock_07336.jpg,3,18,7
clock_07337.jpg,7,5,58
clock_07338.jpg,10,52,33
clock_07339.jpg,6,3,15
clock_07340.jpg,9,48,16
clock_07341.jpg,4,48,8
clock_07342.jpg,11,42,46
clock_07343.jpg,11,17,32
clock_07344.jpg,4,29,27
clock_07345.jpg,10,20,4
clock_07346.jpg,6,12,4
clock_07347.jpg,2,16,58
clock_07348.jpg,0,24,34
clock_07349.jpg,0,12,19
clock_07350.jpg,9,36,18
clock_07351.jpg,6,33,2
clock_07352.jpg,0,39,5
clock_07353.jpg,1,58,32
clock_07354.jpg,11,45,1
clock_07355.jpg,6,14,33
clock_07356.jpg,6,47,49
clock_07357.jpg,4,4,53
clock_07358.jpg,2,18,11
clock_07359.jpg,6,33,52
clock_07360.jpg,1,52,47
clock_07361.jpg,2,40,8
clock_07362.jpg,5,1,45
clock_07363.jpg,7,51,57
clock_07364.jpg,7,31,14
clock_07365.jpg,7,16,43
clock_07366.jpg,9,45,4
clock_07367.jpg,9,39,19
clock_07368.jpg,10,24,5
clock_07369.jpg,11,15,23
clock_07370.jpg,9,50,3
clock_07371.jpg,6,38,37
clock_07372.jpg,9,3,32
clock_07373.jpg,6,20,3
clock_07374.jpg,8,27,32
clock_07375.jpg,0,47,52
clock_07376.jpg,9,46,19
clock_07377.jpg,0,54,39
clock_07378.jpg,0,35,14
clock_07379.jpg,6,51,5
clock_07380.jpg,8,39,46
clock_07381.jpg,8,44,25
clock_07382.jpg,5,18,29
clock_07383.jpg,5,13,19
clock_07384.jpg,10,16,59
clock_07385.jpg,6,8,7
clock_07386.jpg,4,50,26
clock_07387.jpg,6,2,40
clock_07388.jpg,6,44,50
clock_07389.jpg,1,27,25
clock_07390.jpg,8,37,21
clock_07391.jpg,3,24,34
clock_07392.jpg,2,24,44
clock_07393.jpg,1,22,25
clock_07394.jpg,2,38,14
clock_07395.jpg,8,55,18
clock_07396.jpg,9,34,34
clock_07397.jpg,10,47,50
clock_07398.jpg,4,39,13
clock_07399.jpg,7,48,38
clock_07400.jpg,9,27,8
clock_07401.jpg,1,13,29
clock_07402.jpg,5,25,41
clock_07403.jpg,3,6,7
clock_07404.jpg,9,20,31
clock_07405.jpg,0,19,43
clock_07406.jpg,8,50,32
clock_07407.jpg,7,42,55
clock_07408.jpg,2,4,17
clock_07409.jpg,9,57,34
clock_07410.jpg,5,9,11
clock_07411.jpg,8,38,57
clock_07412.jpg,4,16,40
clock_07413.jpg,10,40,4
clock_07414.jpg,6,45,30
clock_07415.jpg,9,1,45
clock_07416.jpg,3,25,34
clock_07417.jpg,0,54,35
clock_07418.jpg,6,52,44
clock_07419.jpg,6,52,38
clock_07420.jpg,2,47,34
clock_07421.jpg,9,41,29
clock_07422.jpg,3,56,37
clock_07423.jpg,9,7,25
clock_07424.jpg,11,56,58
clock_07425.jpg,0,18,11
clock_07426.jpg,6,0,21
clock_07427.jpg,0,6,58
clock_07428.jpg,0,16,58
clock_07429.jpg,2,33,59
clock_07430.jpg,2,17,18
clock_07431.jpg,6,26,10
clock_07432.jpg,0,15,41
clock_07433.jpg,4,26,54
clock_07434.jpg,1,14,2
clock_07435.jpg,2,17,43
clock_07436.jpg,4,22,29
clock_07437.jpg,7,35,22
clock_07438.jpg,4,4,3
clock_07439.jpg,4,3,32
clock_07440.jpg,1,54,27
clock_07441.jpg,10,42,15
clock_07442.jpg,11,3,29
clock_07443.jpg,2,25,52
clock_07444.jpg,9,59,33
clock_07445.jpg,3,10,36
clock_07446.jpg,1,24,23
clock_07447.jpg,9,36,29
clock_07448.jpg,9,53,51
clock_07449.jpg,4,22,59
clock_07450.jpg,10,51,12
clock_07451.jpg,5,46,5
clock_07452.jpg,7,45,44
clock_07453.jpg,2,47,40
clock_07454.jpg,8,30,27
clock_07455.jpg,0,42,52
clock_07456.jpg,4,32,29
clock_07457.jpg,3,15,33
clock_07458.jpg,2,28,59
clock_07459.jpg,4,42,56
clock_07460.jpg,3,32,36
clock_07461.jpg,6,18,59
clock_07462.jpg,4,13,48
clock_07463.jpg,8,24,47
clock_07464.jpg,0,31,36
clock_07465.jpg,10,41,18
clock_07466.jpg,0,36,11
clock_07467.jpg,4,19,37
clock_07468.jpg,0,52,52
clock_07469.jpg,9,34,49
clock_07470.jpg,8,16,41
clock_07471.jpg,6,59,18
clock_07472.jpg,5,52,26
clock_07473.jpg,6,1,45
clock_07474.jpg,6,34,21
clock_07475.jpg,1,36,46
clock_07476.jpg,2,5,58
clock_07477.jpg,11,38,48
clock_07478.jpg,11,14,38
clock_07479.jpg,2,23,54
clock_07480.jpg,9,26,12
clock_07481.jpg,5,56,36
clock_07482.jpg,1,41,1
clock_07483.jpg,8,13,18
clock_07484.jpg,1,27,46
clock_07485.jpg,7,51,4
clock_07486.jpg,3,9,36
clock_07487.jpg,10,53,33
clock_07488.jpg,2,26,59
clock_07489.jpg,7,47,26
clock_07490.jpg,7,4,24
clock_07491.jpg,5,13,21
clock_07492.jpg,1,12,10
clock_07493.jpg,2,1,59
clock_07494.jpg,11,2,31
clock_07495.jpg,4,31,33
clock_07496.jpg,6,3,35
clock_07497.jpg,10,1,55
clock_07498.jpg,6,9,0
clock_07499.jpg,11,0,3
clock_07500.jpg,1,49,43
clock_07501.jpg,5,56,23
clock_07502.jpg,10,23,59
clock_07503.jpg,9,10,0
clock_07504.jpg,2,20,27
clock_07505.jpg,2,46,23
clock_07506.jpg,10,23,20
clock_07507.jpg,7,6,22
clock_07508.jpg,1,13,37
clock_07509.jpg,9,13,58
clock_07510.jpg,4,21,13
clock_07511.jpg,3,39,59
clock_07512.jpg,8,4,1
clock_07513.jpg,5,26,55
clock_07514.jpg,4,3,26
clock_07515.jpg,0,51,25
clock_07516.jpg,1,22,29
clock_07517.jpg,0,52,15
clock_07518.jpg,0,42,50
clock_07519.jpg,6,46,19
clock_07520.jpg,4,52,52
clock_07521.jpg,11,28,28
clock_07522.jpg,6,38,16
clock_07523.jpg,10,15,13
clock_07524.jpg,10,50,21
clock_07525.jpg,7,58,31
clock_07526.jpg,10,11,4
clock_07527.jpg,10,42,37
clock_07528.jpg,8,50,25
clock_07529.jpg,10,39,50
clock_07530.jpg,9,44,52
clock_07531.jpg,8,16,27
clock_07532.jpg,1,17,37
clock_07533.jpg,4,52,6
clock_07534.jpg,6,31,2
clock_07535.jpg,3,17,22
clock_07536.jpg,1,35,30
clock_07537.jpg,2,42,48
clock_07538.jpg,3,49,11
clock_07539.jpg,0,15,58
clock_07540.jpg,3,16,9
clock_07541.jpg,10,51,45
clock_07542.jpg,10,39,34
clock_07543.jpg,8,56,16
clock_07544.jpg,8,9,27
clock_07545.jpg,2,53,42
clock_07546.jpg,6,28,52
clock_07547.jpg,2,53,33
clock_07548.jpg,11,30,2
clock_07549.jpg,9,42,34
clock_07550.jpg,5,23,39
clock_07551.jpg,1,24,30
clock_07552.jpg,5,7,26
clock_07553.jpg,8,15,59
clock_07554.jpg,4,44,20
clock_07555.jpg,4,58,56
clock_07556.jpg,5,0,54
clock_07557.jpg,5,10,31
clock_07558.jpg,5,33,6
clock_07559.jpg,4,44,4
clock_07560.jpg,4,29,17
clock_07561.jpg,8,21,54
clock_07562.jpg,10,19,33
clock_07563.jpg,6,37,20
clock_07564.jpg,9,30,48
clock_07565.jpg,9,58,0
clock_07566.jpg,5,21,36
clock_07567.jpg,5,18,15
clock_07568.jpg,3,33,45
clock_07569.jpg,5,29,39
clock_07570.jpg,3,56,3
clock_07571.jpg,11,5,49
clock_07572.jpg,3,2,11
clock_07573.jpg,8,11,18
clock_07574.jpg,7,11,28
clock_07575.jpg,7,39,54
clock_07576.jpg,6,59,38
clock_07577.jpg,8,11,16
clock_07578.jpg,9,47,27
clock_07579.jpg,9,43,10
clock_07580.jpg,7,26,46
clock_07581.jpg,6,22,0
clock_07582.jpg,11,0,59
clock_07583.jpg,1,29,38
clock_07584.jpg,10,50,8
clock_07585.jpg,9,27,52
clock_07586.jpg,4,20,18
clock_07587.jpg,3,1,36
clock_07588.jpg,7,3,49
clock_07589.jpg,0,35,41
clock_07590.jpg,0,7,48
clock_07591.jpg,6,12,50
clock_07592.jpg,7,12,9
clock_07593.jpg,9,59,54
clock_07594.jpg,2,59,52
clock_07595.jpg,2,41,17
clock_07596.jpg,10,14,32
clock_07597.jpg,4,28,18
clock_07598.jpg,7,30,13
clock_07599.jpg,7,18,35
clock_07600.jpg,11,7,8
clock_07601.jpg,0,53,2
clock_07602.jpg,0,12,55
clock_07603.jpg,9,3,30
clock_07604.jpg,6,22,24
clock_07605.jpg,7,25,41
clock_07606.jpg,6,15,27
clock_07607.jpg,1,26,5
clock_07608.jpg,8,5,54
clock_07609.jpg,7,16,50
clock_07610.jpg,2,16,18
clock_07611.jpg,6,54,35
clock_07612.jpg,7,36,36
clock_07613.jpg,6,14,43
clock_07614.jpg,8,49,26
clock_07615.jpg,3,12,18
clock_07616.jpg,3,34,6
clock_07617.jpg,10,16,12
clock_07618.jpg,3,24,27
clock_07619.jpg,7,21,45
clock_07620.jpg,1,23,11
clock_07621.jpg,4,50,42
clock_07622.jpg,4,8,35
clock_07623.jpg,7,8,10
clock_07624.jpg,5,23,27
clock_07625.jpg,9,31,28
clock_07626.jpg,2,29,48
clock_07627.jpg,8,58,44
clock_07628.jpg,0,11,2
clock_07629.jpg,2,14,34
clock_07630.jpg,5,56,38
clock_07631.jpg,4,38,55
clock_07632.jpg,8,26,32
clock_07633.jpg,9,17,21
clock_07634.jpg,9,42,7
clock_07635.jpg,10,4,23
clock_07636.jpg,4,57,49
clock_07637.jpg,11,51,30
clock_07638.jpg,11,23,16
clock_07639.jpg,0,36,13
clock_07640.jpg,1,14,18
clock_07641.jpg,11,56,18
clock_07642.jpg,10,57,48
clock_07643.jpg,11,15,58
clock_07644.jpg,6,48,51
clock_07645.jpg,1,56,5
clock_07646.jpg,6,40,21
clock_07647.jpg,2,16,29
clock_07648.jpg,9,35,15
clock_07649.jpg,5,37,52
clock_07650.jpg,4,14,37
clock_07651.jpg,7,45,12
clock_07652.jpg,5,13,4
clock_07653.jpg,4,52,13
clock_07654.jpg,9,3,28
clock_07655.jpg,5,56,36
clock_07656.jpg,5,14,2
clock_07657.jpg,7,24,43
clock_07658.jpg,0,30,43
clock_07659.jpg,7,11,53
clock_07660.jpg,8,8,44
clock_07661.jpg,7,26,53
clock_07662.jpg,8,49,22
clock_07663.jpg,11,43,58
clock_07664.jpg,11,0,42
clock_07665.jpg,7,3,39
clock_07666.jpg,11,6,36
clock_07667.jpg,3,3,28
clock_07668.jpg,5,26,17
clock_07669.jpg,0,14,13
clock_07670.jpg,10,57,17
clock_07671.jpg,1,30,54
clock_07672.jpg,7,23,24
clock_07673.jpg,5,11,19
clock_07674.jpg,4,2,55
clock_07675.jpg,1,22,26
clock_07676.jpg,5,14,15
clock_07677.jpg,11,51,48
clock_07678.jpg,6,29,42
clock_07679.jpg,1,38,3
clock_07680.jpg,0,43,16
clock_07681.jpg,2,25,15
clock_07682.jpg,9,26,2
clock_07683.jpg,3,19,36
clock_07684.jpg,11,33,31
clock_07685.jpg,8,22,38
clock_07686.jpg,9,27,17
clock_07687.jpg,11,4,31
clock_07688.jpg,0,5,31
clock_07689.jpg,0,4,5
clock_07690.jpg,4,14,42
clock_07691.jpg,6,30,43
clock_07692.jpg,11,19,25
clock_07693.jpg,8,37,40
clock_07694.jpg,2,15,28
clock_07695.jpg,3,21,2
clock_07696.jpg,2,7,26
clock_07697.jpg,10,49,50
clock_07698.jpg,4,51,16
clock_07699.jpg,9,24,8
clock_07700.jpg,11,54,29
clock_07701.jpg,4,54,32
clock_07702.jpg,9,31,42
clock_07703.jpg,5,38,44
clock_07704.jpg,4,29,52
clock_07705.jpg,0,36,53
clock_07706.jpg,8,22,6
clock_07707.jpg,11,13,57
clock_07708.jpg,1,14,47
clock_07709.jpg,2,1,49
clock_07710.jpg,7,19,1
clock_07711.jpg,8,54,44
clock_07712.jpg,7,8,34
clock_07713.jpg,1,10,17
clock_07714.jpg,9,58,50
clock_07715.jpg,10,7,24
clock_07716.jpg,8,12,45
clock_07717.jpg,5,42,36
clock_07718.jpg,0,46,22
clock_07719.jpg,7,47,59
clock_07720.jpg,0,58,56
clock_07721.jpg,7,32,46
clock_07722.jpg,3,7,27
clock_07723.jpg,1,10,47
clock_07724.jpg,7,59,37
clock_07725.jpg,8,33,39
clock_07726.jpg,4,19,14
clock_07727.jpg,9,15,10
clock_07728.jpg,11,54,46
clock_07729.jpg,8,12,45
clock_07730.jpg,4,38,51
clock_07731.jpg,2,48,28
clock_07732.jpg,8,13,49
clock_07733.jpg,2,51,23
clock_07734.jpg,9,26,24
clock_07735.jpg,11,45,10
clock_07736.jpg,3,48,20
clock_07737.jpg,10,34,55
clock_07738.jpg,3,24,22
clock_07739.jpg,9,24,1
clock_07740.jpg,10,15,48
clock_07741.jpg,4,27,11
clock_07742.jpg,8,9,12
clock_07743.jpg,10,1,0
clock_07744.jpg,9,59,13
clock_07745.jpg,2,42,5
clock_07746.jpg,0,10,21
clock_07747.jpg,10,21,3
clock_07748.jpg,1,49,47
clock_07749.jpg,6,11,7
clock_07750.jpg,4,19,43
clock_07751.jpg,0,10,48
clock_07752.jpg,6,17,21
clock_07753.jpg,1,35,32
clock_07754.jpg,8,24,42
clock_07755.jpg,2,43,34
clock_07756.jpg,10,54,23
clock_07757.jpg,1,18,6
clock_07758.jpg,2,37,57
clock_07759.jpg,6,33,56
clock_07760.jpg,9,36,26
clock_07761.jpg,10,17,9
clock_07762.jpg,5,25,5
clock_07763.jpg,8,4,41
clock_07764.jpg,9,46,51
clock_07765.jpg,1,2,59
clock_07766.jpg,8,8,11
clock_07767.jpg,10,19,48
clock_07768.jpg,9,43,16
clock_07769.jpg,1,30,2
clock_07770.jpg,1,13,25
clock_07771.jpg,9,17,53
clock_07772.jpg,3,48,11
clock_07773.jpg,8,59,37
clock_07774.jpg,8,12,30
clock_07775.jpg,0,20,53
clock_07776.jpg,4,53,48
clock_07777.jpg,3,28,54
clock_07778.jpg,9,55,36
clock_07779.jpg,5,34,49
clock_07780.jpg,11,0,47
clock_07781.jpg,6,4,54
clock_07782.jpg,9,16,17
clock_07783.jpg,11,19,3
clock_07784.jpg,8,17,57
clock_07785.jpg,8,32,32
clock_07786.jpg,2,6,41
clock_07787.jpg,7,49,9
clock_07788.jpg,5,29,9
clock_07789.jpg,9,52,8
clock_07790.jpg,7,59,12
clock_07791.jpg,5,38,43
clock_07792.jpg,9,36,44
clock_07793.jpg,2,38,17
clock_07794.jpg,10,14,14
clock_07795.jpg,4,18,31
clock_07796.jpg,7,33,25
clock_07797.jpg,5,59,27
clock_07798.jpg,11,47,47
clock_07799.jpg,3,0,43
clock_07800.jpg,4,29,32
clock_07801.jpg,11,5,17
clock_07802.jpg,2,33,37
clock_07803.jpg,1,0,41
clock_07804.jpg,4,25,51
clock_07805.jpg,1,7,57
clock_07806.jpg,2,12,15
clock_07807.jpg,10,4,21
clock_07808.jpg,8,12,29
clock_07809.jpg,9,23,33
clock_07810.jpg,10,22,26
clock_07811.jpg,3,3,54
clock_07812.jpg,1,15,48
clock_07813.jpg,10,9,34
clock_07814.jpg,8,42,15
clock_07815.jpg,6,41,25
clock_07816.jpg,3,1,51
clock_07817.jpg,9,41,13
clock_07818.jpg,1,16,4
clock_07819.jpg,11,23,33
clock_07820.jpg,2,0,22
clock_07821.jpg,8,41,41
clock_07822.jpg,5,44,24
clock_07823.jpg,2,39,40
clock_07824.jpg,1,16,35
clock_07825.jpg,5,56,41
clock_07826.jpg,6,53,36
clock_07827.jpg,5,14,41
clock_07828.jpg,6,42,58
clock_07829.jpg,7,0,33
clock_07830.jpg,6,9,10
clock_07831.jpg,2,51,0
clock_07832.jpg,7,58,5
clock_07833.jpg,7,16,55
clock_07834.jpg,10,50,2
clock_07835.jpg,5,30,34
clock_07836.jpg,7,31,53
clock_07837.jpg,3,24,55
clock_07838.jpg,7,4,49
clock_07839.jpg,8,18,11
clock_07840.jpg,4,46,21
clock_07841.jpg,10,28,58
clock_07842.jpg,1,35,3
clock_07843.jpg,11,53,0
clock_07844.jpg,10,15,25
clock_07845.jpg,2,12,6
clock_07846.jpg,2,56,5
clock_07847.jpg,2,4,35
clock_07848.jpg,8,16,56
clock_07849.jpg,7,37,55
clock_07850.jpg,3,21,34
clock_07851.jpg,10,5,5
clock_07852.jpg,7,26,32
clock_07853.jpg,6,32,28
clock_07854.jpg,7,5,8
clock_07855.jpg,5,47,44
clock_07856.jpg,9,27,47
clock_07857.jpg,6,10,34
clock_07858.jpg,2,12,38
clock_07859.jpg,11,22,23
clock_07860.jpg,5,56,46
clock_07861.jpg,3,41,49
clock_07862.jpg,2,44,50
clock_07863.jpg,1,2,35
clock_07864.jpg,10,22,16
clock_07865.jpg,5,22,38
clock_07866.jpg,3,11,21
clock_07867.jpg,2,31,4
clock_07868.jpg,3,59,19
clock_07869.jpg,0,52,18
clock_07870.jpg,2,22,2
clock_07871.jpg,5,15,45
clock_07872.jpg,9,57,53
clock_07873.jpg,6,18,42
clock_07874.jpg,5,4,26
clock_07875.jpg,3,16,2
clock_07876.jpg,6,25,56
clock_07877.jpg,0,0,4
clock_07878.jpg,7,17,51
clock_07879.jpg,3,42,47
clock_07880.jpg,0,34,44
clock_07881.jpg,3,51,56
clock_07882.jpg,2,49,35
clock_07883.jpg,10,53,31
clock_07884.jpg,1,32,7
clock_07885.jpg,11,31,5
clock_07886.jpg,11,36,52
clock_07887.jpg,7,29,48
clock_07888.jpg,1,52,14
clock_07889.jpg,5,16,18
clock_07890.jpg,3,11,15
clock_07891.jpg,6,7,18
clock_07892.jpg,10,11,59
clock_07893.jpg,5,1,16
clock_07894.jpg,5,40,46
clock_07895.jpg,4,0,48
clock_07896.jpg,11,33,34
clock_07897.jpg,11,9,42
clock_07898.jpg,6,29,45
clock_07899.jpg,8,19,47
clock_07900.jpg,5,47,8
clock_07901.jpg,11,29,17
clock_07902.jpg,6,39,0
clock_07903.jpg,3,36,45
clock_07904.jpg,9,11,47
clock_07905.jpg,11,32,26
clock_07906.jpg,4,21,42
clock_07907.jpg,7,14,53
clock_07908.jpg,6,24,50
clock_07909.jpg,2,44,51
clock_07910.jpg,7,47,26
clock_07911.jpg,10,8,35
clock_07912.jpg,9,14,45
clock_07913.jpg,4,52,54
clock_07914.jpg,7,50,56
clock_07915.jpg,4,23,47
clock_07916.jpg,3,49,4
clock_07917.jpg,6,34,29
clock_07918.jpg,5,4,55
clock_07919.jpg,3,43,21
clock_07920.jpg,8,52,56
clock_07921.jpg,7,15,27
clock_07922.jpg,1,53,37
clock_07923.jpg,8,2,31
clock_07924.jpg,2,7,54
clock_07925.jpg,11,21,53
clock_07926.jpg,3,17,37
clock_07927.jpg,3,38,9
clock_07928.jpg,10,49,35
clock_07929.jpg,0,40,28
clock_07930.jpg,5,29,4
clock_07931.jpg,11,57,40
clock_07932.jpg,4,6,59
clock_07933.jpg,4,56,9
clock_07934.jpg,6,13,58
clock_07935.jpg,8,32,30
clock_07936.jpg,5,34,59
clock_07937.jpg,7,32,37
clock_07938.jpg,2,22,38
clock_07939.jpg,0,39,48
clock_07940.jpg,6,37,55
clock_07941.jpg,2,23,2
clock_07942.jpg,5,55,29
clock_07943.jpg,6,1,7
clock_07944.jpg,0,5,13
clock_07945.jpg,2,43,33
clock_07946.jpg,7,10,15
clock_07947.jpg,0,56,3
clock_07948.jpg,8,25,22
clock_07949.jpg,6,15,5
clock_07950.jpg,9,40,20
clock_07951.jpg,7,4,10
clock_07952.jpg,1,8,5
clock_07953.jpg,1,31,19
clock_07954.jpg,10,26,33
clock_07955.jpg,11,19,45
clock_07956.jpg,3,1,2
clock_07957.jpg,3,6,32
clock_07958.jpg,0,43,47
clock_07959.jpg,10,37,27
clock_07960.jpg,0,33,6
clock_07961.jpg,7,46,53
clock_07962.jpg,7,8,8
clock_07963.jpg,1,49,13
clock_07964.jpg,8,7,47
clock_07965.jpg,11,8,30
clock_07966.jpg,4,23,40
clock_07967.jpg,8,47,10
clock_07968.jpg,3,19,29
clock_07969.jpg,4,47,37
clock_07970.jpg,1,50,6
clock_07971.jpg,7,20,8
clock_07972.jpg,0,23,2
clock_07973.jpg,9,54,27
clock_07974.jpg,7,44,49
clock_07975.jpg,9,31,23
clock_07976.jpg,10,28,56
clock_07977.jpg,2,12,2
clock_07978.jpg,3,4,55
clock_07979.jpg,6,53,31
clock_07980.jpg,3,6,53
clock_07981.jpg,7,1,51
clock_07982.jpg,0,55,57
clock_07983.jpg,6,34,57
clock_07984.jpg,7,42,25
clock_07985.jpg,1,11,46
clock_07986.jpg,1,13,54
clock_07987.jpg,4,44,20
clock_07988.jpg,5,41,31
clock_07989.jpg,6,51,46
clock_07990.jpg,11,16,51
clock_07991.jpg,1,6,9
clock_07992.jpg,11,25,8
clock_07993.jpg,7,17,31
clock_07994.jpg,9,59,42
clock_07995.jpg,1,49,58
clock_07996.jpg,4,6,14
clock_07997.jpg,6,48,22
clock_07998.jpg,4,53,17
clock_07999.jpg,6,27,55
clock_08000.jpg,0,32,11
clock_08001.jpg,2,5,22
clock_08002.jpg,0,24,12
clock_08003.jpg,2,13,35
clock_08004.jpg,8,27,12
clock_08005.jpg,7,4,23
clock_08006.jpg,6,46,32
clock_08007.jpg,3,47,39
clock_08008.jpg,9,2,50
clock_08009.jpg,8,19,11
clock_08010.jpg,3,23,43
clock_08011.jpg,1,47,48
clock_08012.jpg,0,41,33
clock_08013.jpg,5,8,35
clock_08014.jpg,5,49,40
clock_08015.jpg,9,12,19
clock_08016.jpg,7,58,51
clock_08017.jpg,10,27,17
clock_08018.jpg,4,40,11
clock_08019.jpg,7,57,52
clock_08020.jpg,7,15,2
clock_08021.jpg,9,1,44
clock_08022.jpg,4,51,20
clock_08023.jpg,3,6,28
clock_08024.jpg,11,51,54
clock_08025.jpg,1,58,53
clock_08026.jpg,3,25,47
clock_08027.jpg,10,10,37
clock_08028.jpg,7,23,2
clock_08029.jpg,9,36,39
clock_08030.jpg,8,44,54
clock_08031.jpg,1,27,45
clock_08032.jpg,0,52,42
clock_08033.jpg,5,55,41
clock_08034.jpg,4,10,34
clock_08035.jpg,2,25,18
clock_08036.jpg,1,9,28
clock_08037.jpg,1,0,21
clock_08038.jpg,8,17,36
clock_08039.jpg,6,49,2
clock_08040.jpg,1,38,52
clock_08041.jpg,6,12,29
clock_08042.jpg,11,0,55
clock_08043.jpg,10,58,39
clock_08044.jpg,9,34,56
clock_08045.jpg,7,29,32
clock_08046.jpg,2,17,40
clock_08047.jpg,8,46,11
clock_08048.jpg,1,16,10
clock_08049.jpg,7,24,52
clock_08050.jpg,0,22,53
clock_08051.jpg,10,4,9
clock_08052.jpg,5,46,49
clock_08053.jpg,7,28,30
clock_08054.jpg,11,53,40
clock_08055.jpg,9,1,0
clock_08056.jpg,11,33,56
clock_08057.jpg,3,51,40
clock_08058.jpg,2,23,23
clock_08059.jpg,8,57,9
clock_08060.jpg,6,36,56
clock_08061.jpg,3,34,4
clock_08062.jpg,2,14,4
clock_08063.jpg,3,14,30
clock_08064.jpg,11,30,31
clock_08065.jpg,8,51,36
clock_08066.jpg,5,20,28
clock_08067.jpg,6,31,46
clock_08068.jpg,2,47,33
clock_08069.jpg,7,9,18
clock_08070.jpg,11,46,22
clock_08071.jpg,6,22,44
clock_08072.jpg,2,9,0
clock_08073.jpg,5,39,10
clock_08074.jpg,11,10,56
clock_08075.jpg,8,18,55
clock_08076.jpg,4,38,22
clock_08077.jpg,4,29,44
clock_08078.jpg,7,36,47
clock_08079.jpg,11,6,54
clock_08080.jpg,7,38,8
clock_08081.jpg,0,38,49
clock_08082.jpg,1,5,50
clock_08083.jpg,6,7,53
clock_08084.jpg,6,52,16
clock_08085.jpg,0,42,30
clock_08086.jpg,7,7,8
clock_08087.jpg,11,33,35
clock_08088.jpg,7,59,44
clock_08089.jpg,5,24,3
clock_08090.jpg,6,28,21
clock_08091.jpg,6,24,47
clock_08092.jpg,4,8,37
clock_08093.jpg,5,42,42
clock_08094.jpg,10,31,5
clock_08095.jpg,0,0,52
clock_08096.jpg,5,30,23
clock_08097.jpg,4,35,47
clock_08098.jpg,7,25,57
clock_08099.jpg,0,27,53
clock_08100.jpg,11,19,31
clock_08101.jpg,6,26,2
clock_08102.jpg,3,29,8
clock_08103.jpg,3,53,6
clock_08104.jpg,0,23,54
clock_08105.jpg,7,14,40
clock_08106.jpg,6,12,27
clock_08107.jpg,4,46,25
clock_08108.jpg,1,10,51
clock_08109.jpg,7,25,17
clock_08110.jpg,5,22,23
clock_08111.jpg,11,0,53
clock_08112.jpg,0,53,58
clock_08113.jpg,1,52,33
clock_08114.jpg,8,22,38
clock_08115.jpg,11,9,40
clock_08116.jpg,4,12,19
clock_08117.jpg,6,13,57
clock_08118.jpg,3,10,2
clock_08119.jpg,8,10,21
clock_08120.jpg,6,43,46
clock_08121.jpg,2,20,10
clock_08122.jpg,0,9,20
clock_08123.jpg,2,8,28
clock_08124.jpg,3,12,42
clock_08125.jpg,2,3,42
clock_08126.jpg,0,25,53
clock_08127.jpg,4,38,31
clock_08128.jpg,0,16,55
clock_08129.jpg,8,1,35
clock_08130.jpg,8,9,13
clock_08131.jpg,2,45,48
clock_08132.jpg,0,58,3
clock_08133.jpg,10,13,16
clock_08134.jpg,9,27,10
clock_08135.jpg,0,20,48
clock_08136.jpg,5,32,6
clock_08137.jpg,2,48,47
clock_08138.jpg,6,45,25
clock_08139.jpg,8,19,49
clock_08140.jpg,2,50,10
clock_08141.jpg,7,28,27
clock_08142.jpg,1,58,59
clock_08143.jpg,5,10,4
clock_08144.jpg,2,35,8
clock_08145.jpg,10,31,37
clock_08146.jpg,9,5,30
clock_08147.jpg,5,11,31
clock_08148.jpg,6,27,1
clock_08149.jpg,2,47,44
clock_08150.jpg,10,4,42
clock_08151.jpg,3,42,2
clock_08152.jpg,10,7,54
clock_08153.jpg,2,37,18
clock_08154.jpg,4,5,54
clock_08155.jpg,8,40,43
clock_08156.jpg,9,57,34
clock_08157.jpg,2,37,39
clock_08158.jpg,2,47,0
clock_08159.jpg,9,43,35
clock_08160.jpg,5,26,20
clock_08161.jpg,3,37,27
clock_08162.jpg,1,22,36
clock_08163.jpg,1,51,11
clock_08164.jpg,1,2,29
clock_08165.jpg,11,56,55
clock_08166.jpg,1,13,14
clock_08167.jpg,10,26,8
clock_08168.jpg,3,16,18
clock_08169.jpg,4,7,39
clock_08170.jpg,0,57,59
clock_08171.jpg,4,55,51
clock_08172.jpg,5,3,21
clock_08173.jpg,3,24,1
clock_08174.jpg,4,27,59
clock_08175.jpg,1,2,30
clock_08176.jpg,0,53,5
clock_08177.jpg,3,45,17
clock_08178.jpg,1,15,4
clock_08179.jpg,10,58,50
clock_08180.jpg,8,41,3
clock_08181.jpg,4,45,42
clock_08182.jpg,4,43,8
clock_08183.jpg,1,21,54
clock_08184.jpg,5,19,4
clock_08185.jpg,5,2,9
clock_08186.jpg,1,2,15
clock_08187.jpg,7,8,46
clock_08188.jpg,3,59,2
clock_08189.jpg,4,48,27
clock_08190.jpg,10,42,22
clock_08191.jpg,9,42,11
clock_08192.jpg,11,16,13
clock_08193.jpg,5,55,48
clock_08194.jpg,7,35,11
clock_08195.jpg,1,43,55
clock_08196.jpg,0,5,39
clock_08197.jpg,2,30,50
clock_08198.jpg,5,10,32
clock_08199.jpg,1,19,31
clock_08200.jpg,11,34,36
clock_08201.jpg,2,21,26
clock_08202.jpg,3,42,59
clock_08203.jpg,6,16,45
clock_08204.jpg,5,18,52
clock_08205.jpg,9,56,1
clock_08206.jpg,11,47,16
clock_08207.jpg,3,0,16
clock_08208.jpg,7,53,43
clock_08209.jpg,10,59,33
clock_08210.jpg,4,48,10
clock_08211.jpg,2,27,38
clock_08212.jpg,5,31,50
clock_08213.jpg,3,32,53
clock_08214.jpg,1,47,10
clock_08215.jpg,5,49,8
clock_08216.jpg,1,4,27
clock_08217.jpg,8,42,6
clock_08218.jpg,10,32,44
clock_08219.jpg,0,57,35
clock_08220.jpg,11,5,38
clock_08221.jpg,1,5,23
clock_08222.jpg,2,59,25
clock_08223.jpg,5,41,24
clock_08224.jpg,1,25,12
clock_08225.jpg,1,13,42
clock_08226.jpg,6,34,38
clock_08227.jpg,2,37,21
clock_08228.jpg,6,27,40
clock_08229.jpg,1,6,57
clock_08230.jpg,10,53,14
clock_08231.jpg,8,8,44
clock_08232.jpg,7,36,20
clock_08233.jpg,11,46,41
clock_08234.jpg,10,48,14
clock_08235.jpg,10,58,3
clock_08236.jpg,11,5,27
clock_08237.jpg,3,37,51
clock_08238.jpg,11,3,53
clock_08239.jpg,11,23,12
clock_08240.jpg,10,32,36
clock_08241.jpg,9,30,8
clock_08242.jpg,4,34,0
clock_08243.jpg,0,23,20
clock_08244.jpg,10,7,44
clock_08245.jpg,7,5,39
clock_08246.jpg,9,9,8
clock_08247.jpg,1,44,9
clock_08248.jpg,11,3,56
clock_08249.jpg,6,24,52
clock_08250.jpg,5,37,31
clock_08251.jpg,7,53,25
clock_08252.jpg,4,11,50
clock_08253.jpg,10,31,34
clock_08254.jpg,4,21,2
clock_08255.jpg,5,19,14
clock_08256.jpg,7,34,11
clock_08257.jpg,6,35,32
clock_08258.jpg,1,50,56
clock_08259.jpg,7,3,53
clock_08260.jpg,10,38,46
clock_08261.jpg,11,7,58
clock_08262.jpg,8,20,58
clock_08263.jpg,11,38,32
clock_08264.jpg,2,12,38
clock_08265.jpg,2,2,40
clock_08266.jpg,1,32,7
clock_08267.jpg,2,41,27
clock_08268.jpg,4,51,49
clock_08269.jpg,0,38,14
clock_08270.jpg,1,24,2
clock_08271.jpg,1,30,43
clock_08272.jpg,1,41,39
clock_08273.jpg,1,54,41
clock_08274.jpg,7,48,57
clock_08275.jpg,1,54,30
clock_08276.jpg,9,17,54
clock_08277.jpg,5,34,58
clock_08278.jpg,9,31,56
clock_08279.jpg,10,37,10
clock_08280.jpg,1,56,50
clock_08281.jpg,4,6,17
clock_08282.jpg,6,48,44
clock_08283.jpg,5,9,46
clock_08284.jpg,7,44,16
clock_08285.jpg,7,1,42
clock_08286.jpg,0,13,29
clock_08287.jpg,6,31,44
clock_08288.jpg,8,8,44
clock_08289.jpg,3,58,18
clock_08290.jpg,2,0,7
clock_08291.jpg,0,48,18
clock_08292.jpg,5,15,39
clock_08293.jpg,8,34,29
clock_08294.jpg,6,36,7
clock_08295.jpg,6,17,9
clock_08296.jpg,5,13,6
clock_08297.jpg,3,9,31
clock_08298.jpg,0,19,14
clock_08299.jpg,8,19,1
clock_08300.jpg,5,10,17
clock_08301.jpg,1,55,23
clock_08302.jpg,8,14,21
clock_08303.jpg,6,15,28
clock_08304.jpg,10,1,1
clock_08305.jpg,1,23,10
clock_08306.jpg,3,57,34
clock_08307.jpg,11,17,34
clock_08308.jpg,8,16,41
clock_08309.jpg,4,42,52
clock_08310.jpg,3,29,44
clock_08311.jpg,7,16,22
clock_08312.jpg,10,33,25
clock_08313.jpg,8,15,17
clock_08314.jpg,6,2,3
clock_08315.jpg,7,10,44
clock_08316.jpg,11,52,38
clock_08317.jpg,6,32,7
clock_08318.jpg,5,3,26
clock_08319.jpg,0,20,54
clock_08320.jpg,2,55,24
clock_08321.jpg,11,42,53
clock_08322.jpg,5,43,19
clock_08323.jpg,0,20,33
clock_08324.jpg,10,25,8
clock_08325.jpg,10,21,39
clock_08326.jpg,3,18,4
clock_08327.jpg,5,16,32
clock_08328.jpg,0,35,30
clock_08329.jpg,2,11,17
clock_08330.jpg,11,26,39
clock_08331.jpg,5,57,46
clock_08332.jpg,4,52,57
clock_08333.jpg,3,42,48
clock_08334.jpg,10,41,21
clock_08335.jpg,5,12,16
clock_08336.jpg,2,27,13
clock_08337.jpg,10,33,50
clock_08338.jpg,6,14,15
clock_08339.jpg,1,50,43
clock_08340.jpg,1,5,20
clock_08341.jpg,4,11,5
clock_08342.jpg,1,12,56
clock_08343.jpg,1,47,47
clock_08344.jpg,4,46,12
clock_08345.jpg,7,55,30
clock_08346.jpg,10,49,0
clock_08347.jpg,5,55,35
clock_08348.jpg,7,58,3
clock_08349.jpg,7,56,34
clock_08350.jpg,11,52,6
clock_08351.jpg,11,55,25
clock_08352.jpg,8,1,9
clock_08353.jpg,4,32,44
clock_08354.jpg,3,3,38
clock_08355.jpg,6,2,24
clock_08356.jpg,3,5,8
clock_08357.jpg,6,53,23
clock_08358.jpg,5,20,56
clock_08359.jpg,0,27,45
clock_08360.jpg,1,39,35
clock_08361.jpg,4,46,4
clock_08362.jpg,3,16,29
clock_08363.jpg,11,38,15
clock_08364.jpg,9,31,2
clock_08365.jpg,2,20,16
clock_08366.jpg,3,51,43
clock_08367.jpg,11,42,11
clock_08368.jpg,3,53,13
clock_08369.jpg,1,42,53
clock_08370.jpg,6,52,43
clock_08371.jpg,2,51,20
clock_08372.jpg,8,24,40
clock_08373.jpg,5,4,29
clock_08374.jpg,1,51,9
clock_08375.jpg,3,59,11
clock_08376.jpg,4,28,55
clock_08377.jpg,1,59,21
clock_08378.jpg,9,58,57
clock_08379.jpg,5,2,29
clock_08380.jpg,8,31,20
clock_08381.jpg,4,47,42
clock_08382.jpg,1,7,37
clock_08383.jpg,5,13,31
clock_08384.jpg,4,20,43
clock_08385.jpg,5,14,39
clock_08386.jpg,1,32,54
clock_08387.jpg,9,47,45
clock_08388.jpg,2,32,11
clock_08389.jpg,10,43,37
clock_08390.jpg,11,52,50
clock_08391.jpg,4,30,15
clock_08392.jpg,11,39,22
clock_08393.jpg,1,37,45
clock_08394.jpg,8,2,8
clock_08395.jpg,1,52,59
clock_08396.jpg,4,34,33
clock_08397.jpg,3,41,57
clock_08398.jpg,2,34,48
clock_08399.jpg,5,59,17
clock_08400.jpg,9,39,51
clock_08401.jpg,0,36,29
clock_08402.jpg,2,4,36
clock_08403.jpg,1,2,49
clock_08404.jpg,6,47,16
clock_08405.jpg,1,49,46
clock_08406.jpg,0,30,38
clock_08407.jpg,0,13,59
clock_08408.jpg,3,42,11
clock_08409.jpg,10,36,42
clock_08410.jpg,2,58,38
clock_08411.jpg,10,56,51
clock_08412.jpg,11,35,27
clock_08413.jpg,5,5,56
clock_08414.jpg,6,58,40
clock_08415.jpg,5,35,42
clock_08416.jpg,1,9,11
clock_08417.jpg,7,28,57
clock_08418.jpg,10,36,21
clock_08419.jpg,5,11,35
clock_08420.jpg,2,34,2
clock_08421.jpg,8,23,56
clock_08422.jpg,2,24,44
clock_08423.jpg,3,48,34
clock_08424.jpg,3,0,43
clock_08425.jpg,8,24,48
clock_08426.jpg,11,46,14
clock_08427.jpg,10,38,52
clock_08428.jpg,11,28,46
clock_08429.jpg,0,17,31
clock_08430.jpg,2,29,17
clock_08431.jpg,8,41,25
clock_08432.jpg,5,13,40
clock_08433.jpg,2,44,37
clock_08434.jpg,10,2,59
clock_08435.jpg,0,7,18
clock_08436.jpg,10,19,17
clock_08437.jpg,4,43,2
clock_08438.jpg,3,34,53
clock_08439.jpg,5,20,46
clock_08440.jpg,4,21,51
clock_08441.jpg,9,31,44
clock_08442.jpg,10,45,1
clock_08443.jpg,2,2,12
clock_08444.jpg,9,2,1
clock_08445.jpg,5,22,55
clock_08446.jpg,10,39,36
clock_08447.jpg,4,10,12
clock_08448.jpg,10,20,44
clock_08449.jpg,7,14,12
clock_08450.jpg,4,50,39
clock_08451.jpg,8,21,59
clock_08452.jpg,9,8,1
clock_08453.jpg,10,38,59
clock_08454.jpg,8,18,50
clock_08455.jpg,1,27,23
clock_08456.jpg,6,19,59
clock_08457.jpg,7,55,13
clock_08458.jpg,7,43,20
clock_08459.jpg,3,44,30
clock_08460.jpg,11,34,21
clock_08461.jpg,1,4,1
clock_08462.jpg,6,28,59
clock_08463.jpg,7,27,35
clock_08464.jpg,0,35,12
clock_08465.jpg,2,15,9
clock_08466.jpg,9,3,50
clock_08467.jpg,5,54,8
clock_08468.jpg,9,22,51
clock_08469.jpg,10,27,0
clock_08470.jpg,0,29,8
clock_08471.jpg,10,48,25
clock_08472.jpg,3,20,46
clock_08473.jpg,5,30,15
clock_08474.jpg,8,59,56
clock_08475.jpg,8,57,21
clock_08476.jpg,5,38,13
clock_08477.jpg,1,4,37
clock_08478.jpg,0,31,34
clock_08479.jpg,5,38,36
clock_08480.jpg,6,39,0
clock_08481.jpg,6,3,26
clock_08482.jpg,6,3,41
clock_08483.jpg,8,8,12
clock_08484.jpg,2,24,56
clock_08485.jpg,3,35,24
clock_08486.jpg,4,26,15
clock_08487.jpg,2,54,57
clock_08488.jpg,5,31,57
clock_08489.jpg,5,17,37
clock_08490.jpg,2,27,18
clock_08491.jpg,6,46,38
clock_08492.jpg,6,1,17
clock_08493.jpg,4,41,25
clock_08494.jpg,4,12,52
clock_08495.jpg,2,13,40
clock_08496.jpg,11,53,54
clock_08497.jpg,4,5,27
clock_08498.jpg,4,36,2
clock_08499.jpg,1,18,13
clock_08500.jpg,5,34,9
clock_08501.jpg,8,32,47
clock_08502.jpg,7,35,37
clock_08503.jpg,3,15,39
clock_08504.jpg,7,37,42
clock_08505.jpg,3,52,8
clock_08506.jpg,2,56,32
clock_08507.jpg,5,12,41
clock_08508.jpg,3,37,42
clock_08509.jpg,1,47,25
clock_08510.jpg,7,49,11
clock_08511.jpg,11,11,59
clock_08512.jpg,1,36,22
clock_08513.jpg,7,10,56
clock_08514.jpg,3,14,50
clock_08515.jpg,8,14,42
clock_08516.jpg,2,8,47
clock_08517.jpg,5,27,55
clock_08518.jpg,0,26,13
clock_08519.jpg,2,38,4
clock_08520.jpg,3,11,39
clock_08521.jpg,5,31,26
clock_08522.jpg,9,11,57
clock_08523.jpg,3,25,3
clock_08524.jpg,7,37,24
clock_08525.jpg,7,40,16
clock_08526.jpg,11,20,38
clock_08527.jpg,11,26,29
clock_08528.jpg,8,5,6
clock_08529.jpg,2,36,13
clock_08530.jpg,4,38,7
clock_08531.jpg,1,49,48
clock_08532.jpg,2,54,23
clock_08533.jpg,4,18,27
clock_08534.jpg,9,39,39
clock_08535.jpg,6,4,29
clock_08536.jpg,10,29,13
clock_08537.jpg,8,33,41
clock_08538.jpg,5,13,50
clock_08539.jpg,1,0,17
clock_08540.jpg,9,56,48
clock_08541.jpg,4,0,21
clock_08542.jpg,2,17,45
clock_08543.jpg,5,12,43
clock_08544.jpg,3,40,12
clock_08545.jpg,5,50,39
clock_08546.jpg,6,31,35
clock_08547.jpg,7,5,5
clock_08548.jpg,1,38,39
clock_08549.jpg,6,59,38
clock_08550.jpg,8,7,49
clock_08551.jpg,5,3,20
clock_08552.jpg,5,14,53
clock_08553.jpg,2,0,7
clock_08554.jpg,10,42,40
clock_08555.jpg,2,5,9
clock_08556.jpg,3,38,53
clock_08557.jpg,2,20,31
clock_08558.jpg,8,12,34
clock_08559.jpg,6,27,23
clock_08560.jpg,5,37,44
clock_08561.jpg,9,6,58
clock_08562.jpg,3,36,27
clock_08563.jpg,11,38,52
clock_08564.jpg,0,29,50
clock_08565.jpg,4,59,47
clock_08566.jpg,2,10,3
clock_08567.jpg,4,21,28
clock_08568.jpg,4,19,40
clock_08569.jpg,7,42,19
clock_08570.jpg,4,41,27
clock_08571.jpg,1,0,10
clock_08572.jpg,9,38,58
clock_08573.jpg,9,53,20
clock_08574.jpg,7,32,31
clock_08575.jpg,3,29,23
clock_08576.jpg,6,29,13
clock_08577.jpg,11,12,20
clock_08578.jpg,0,30,38
clock_08579.jpg,6,15,41
clock_08580.jpg,3,31,9
clock_08581.jpg,11,37,52
clock_08582.jpg,3,12,0
clock_08583.jpg,5,21,52
clock_08584.jpg,6,44,43
clock_08585.jpg,6,47,25
clock_08586.jpg,2,16,6
clock_08587.jpg,3,38,24
clock_08588.jpg,11,31,22
clock_08589.jpg,2,0,43
clock_08590.jpg,2,8,8
clock_08591.jpg,6,40,33
clock_08592.jpg,11,3,13
clock_08593.jpg,8,19,38
clock_08594.jpg,0,35,52
clock_08595.jpg,4,19,53
clock_08596.jpg,10,40,53
clock_08597.jpg,0,1,57
clock_08598.jpg,4,19,49
clock_08599.jpg,9,31,19
clock_08600.jpg,0,24,41
clock_08601.jpg,5,14,16
clock_08602.jpg,7,52,11
clock_08603.jpg,0,48,48
clock_08604.jpg,1,43,28
clock_08605.jpg,10,36,51
clock_08606.jpg,9,57,21
clock_08607.jpg,11,6,23
clock_08608.jpg,3,36,20
clock_08609.jpg,11,57,15
clock_08610.jpg,4,20,36
clock_08611.jpg,10,21,10
clock_08612.jpg,10,6,39
clock_08613.jpg,2,40,37
clock_08614.jpg,10,41,5
clock_08615.jpg,11,25,30
clock_08616.jpg,8,4,22
clock_08617.jpg,1,13,25
clock_08618.jpg,9,30,20
clock_08619.jpg,6,13,3
clock_08620.jpg,4,19,11
clock_08621.jpg,7,16,58
clock_08622.jpg,7,57,26
clock_08623.jpg,4,48,0
clock_08624.jpg,1,39,3
clock_08625.jpg,2,1,37
clock_08626.jpg,5,12,36
clock_08627.jpg,4,32,41
clock_08628.jpg,8,49,13
clock_08629.jpg,10,14,28
clock_08630.jpg,3,12,2
clock_08631.jpg,6,14,15
clock_08632.jpg,5,56,28
clock_08633.jpg,4,3,0
clock_08634.jpg,2,28,8
clock_08635.jpg,2,32,54
clock_08636.jpg,5,42,34
clock_08637.jpg,5,10,56
clock_08638.jpg,6,19,31
clock_08639.jpg,10,19,32
clock_08640.jpg,6,5,1
clock_08641.jpg,2,20,56
clock_08642.jpg,1,0,21
clock_08643.jpg,6,1,19
clock_08644.jpg,4,33,59
clock_08645.jpg,0,25,2
clock_08646.jpg,5,43,36
clock_08647.jpg,8,46,53
clock_08648.jpg,5,33,42
clock_08649.jpg,10,59,9
clock_08650.jpg,0,46,43
clock_08651.jpg,3,23,15
clock_08652.jpg,4,6,49
clock_08653.jpg,8,54,44
clock_08654.jpg,10,6,15
clock_08655.jpg,10,55,16
clock_08656.jpg,1,14,8
clock_08657.jpg,8,47,1
clock_08658.jpg,5,54,40
clock_08659.jpg,11,8,27
clock_08660.jpg,10,14,38
clock_08661.jpg,8,30,34
clock_08662.jpg,1,30,34
clock_08663.jpg,7,36,4
clock_08664.jpg,11,5,57
clock_08665.jpg,6,48,53
clock_08666.jpg,11,20,16
clock_08667.jpg,6,13,25
clock_08668.jpg,5,37,52
clock_08669.jpg,8,59,17
clock_08670.jpg,0,45,27
clock_08671.jpg,4,9,22
clock_08672.jpg,8,36,46
clock_08673.jpg,6,42,45
clock_08674.jpg,7,0,46
clock_08675.jpg,7,6,39
clock_08676.jpg,10,51,57
clock_08677.jpg,11,40,5
clock_08678.jpg,2,21,13
clock_08679.jpg,5,8,12
clock_08680.jpg,0,13,24
clock_08681.jpg,11,45,23
clock_08682.jpg,0,18,31
clock_08683.jpg,1,9,0
clock_08684.jpg,9,40,40
clock_08685.jpg,1,39,28
clock_08686.jpg,10,26,15
clock_08687.jpg,4,29,18
clock_08688.jpg,6,57,40
clock_08689.jpg,1,20,29
clock_08690.jpg,2,3,54
clock_08691.jpg,0,20,58
clock_08692.jpg,1,5,59
clock_08693.jpg,6,4,50
clock_08694.jpg,11,25,39
clock_08695.jpg,3,51,31
clock_08696.jpg,2,37,9
clock_08697.jpg,2,42,12
clock_08698.jpg,10,59,1
clock_08699.jpg,4,54,52
clock_08700.jpg,8,27,0
clock_08701.jpg,1,34,14
clock_08702.jpg,8,48,57
clock_08703.jpg,8,24,49
clock_08704.jpg,9,53,29
clock_08705.jpg,9,4,35
clock_08706.jpg,2,30,47
clock_08707.jpg,8,32,55
clock_08708.jpg,11,32,30
clock_08709.jpg,10,46,39
clock_08710.jpg,8,56,0
clock_08711.jpg,0,57,33
clock_08712.jpg,5,41,23
clock_08713.jpg,2,25,30
clock_08714.jpg,0,48,1
clock_08715.jpg,11,20,25
clock_08716.jpg,10,37,9
clock_08717.jpg,2,40,34
clock_08718.jpg,0,0,16
clock_08719.jpg,1,54,7
clock_08720.jpg,6,27,18
clock_08721.jpg,8,4,38
clock_08722.jpg,5,44,24
clock_08723.jpg,11,9,28
clock_08724.jpg,4,57,34
clock_08725.jpg,1,12,16
clock_08726.jpg,6,24,36
clock_08727.jpg,2,8,20
clock_08728.jpg,6,22,25
clock_08729.jpg,5,32,16
clock_08730.jpg,0,18,41
clock_08731.jpg,2,40,14
clock_08732.jpg,5,3,31
clock_08733.jpg,8,37,8
clock_08734.jpg,6,20,6
clock_08735.jpg,5,38,55
clock_08736.jpg,1,51,19
clock_08737.jpg,8,39,50
clock_08738.jpg,4,42,57
clock_08739.jpg,7,9,32
clock_08740.jpg,11,26,14
clock_08741.jpg,1,14,52
clock_08742.jpg,0,34,13
clock_08743.jpg,6,50,44
clock_08744.jpg,0,59,25
clock_08745.jpg,5,5,52
clock_08746.jpg,5,54,2
clock_08747.jpg,8,4,14
clock_08748.jpg,0,46,47
clock_08749.jpg,4,51,25
clock_08750.jpg,7,15,46
clock_08751.jpg,10,9,33
clock_08752.jpg,6,20,50
clock_08753.jpg,0,40,49
clock_08754.jpg,4,16,56
clock_08755.jpg,3,52,21
clock_08756.jpg,9,37,50
clock_08757.jpg,3,16,2
clock_08758.jpg,9,18,50
clock_08759.jpg,4,42,17
clock_08760.jpg,10,46,42
clock_08761.jpg,5,28,36
clock_08762.jpg,0,25,22
clock_08763.jpg,5,46,49
clock_08764.jpg,11,45,5
clock_08765.jpg,0,2,41
clock_08766.jpg,7,53,3
clock_08767.jpg,1,47,59
clock_08768.jpg,2,22,49
clock_08769.jpg,2,26,12
clock_08770.jpg,10,5,20
clock_08771.jpg,9,21,31
clock_08772.jpg,3,0,59
clock_08773.jpg,6,0,47
clock_08774.jpg,3,17,20
clock_08775.jpg,6,55,39
clock_08776.jpg,3,13,10
clock_08777.jpg,2,42,33
clock_08778.jpg,5,51,55
clock_08779.jpg,7,25,3
clock_08780.jpg,4,34,33
clock_08781.jpg,3,40,10
clock_08782.jpg,0,39,22
clock_08783.jpg,11,36,46
clock_08784.jpg,6,44,24
clock_08785.jpg,6,12,45
clock_08786.jpg,11,45,30
clock_08787.jpg,8,30,22
clock_08788.jpg,7,40,9
clock_08789.jpg,8,19,18
clock_08790.jpg,4,28,32
clock_08791.jpg,0,51,56
clock_08792.jpg,10,38,4
clock_08793.jpg,10,37,25
clock_08794.jpg,7,46,53
clock_08795.jpg,1,29,50
clock_08796.jpg,2,42,3
clock_08797.jpg,5,32,46
clock_08798.jpg,1,12,55
clock_08799.jpg,5,56,25
clock_08800.jpg,11,44,58
clock_08801.jpg,3,37,13
clock_08802.jpg,1,44,38
clock_08803.jpg,0,55,8
clock_08804.jpg,5,53,59
clock_08805.jpg,3,33,35
clock_08806.jpg,9,53,39
clock_08807.jpg,11,33,19
clock_08808.jpg,3,42,35
clock_08809.jpg,9,39,29
clock_08810.jpg,10,14,20
clock_08811.jpg,2,22,18
clock_08812.jpg,10,45,37
clock_08813.jpg,8,18,23
clock_08814.jpg,0,22,54
clock_08815.jpg,2,28,28
clock_08816.jpg,7,30,5
clock_08817.jpg,10,36,30
clock_08818.jpg,0,36,4
clock_08819.jpg,9,56,52
clock_08820.jpg,8,43,24
clock_08821.jpg,2,1,12
clock_08822.jpg,1,1,29
clock_08823.jpg,7,29,22
clock_08824.jpg,5,43,49
clock_08825.jpg,9,39,10
clock_08826.jpg,0,0,38
clock_08827.jpg,2,2,6
clock_08828.jpg,10,56,30
clock_08829.jpg,8,44,24
clock_08830.jpg,11,26,29
clock_08831.jpg,7,52,2
clock_08832.jpg,7,41,13
clock_08833.jpg,4,1,7
clock_08834.jpg,2,48,54
clock_08835.jpg,4,49,36
clock_08836.jpg,2,9,33
clock_08837.jpg,11,37,24
clock_08838.jpg,6,10,38
clock_08839.jpg,3,28,34
clock_08840.jpg,6,23,13
clock_08841.jpg,11,57,58
clock_08842.jpg,9,3,10
clock_08843.jpg,1,53,50
clock_08844.jpg,11,29,54
clock_08845.jpg,9,55,53
clock_08846.jpg,2,38,32
clock_08847.jpg,10,31,12
clock_08848.jpg,8,55,29
clock_08849.jpg,6,0,20
clock_08850.jpg,0,11,47
clock_08851.jpg,6,35,25
clock_08852.jpg,7,33,28
clock_08853.jpg,4,58,35
clock_08854.jpg,10,56,15
clock_08855.jpg,4,33,40
clock_08856.jpg,9,33,40
clock_08857.jpg,3,16,7
clock_08858.jpg,2,6,22
clock_08859.jpg,9,9,26
clock_08860.jpg,10,5,2
clock_08861.jpg,10,3,12
clock_08862.jpg,1,10,42
clock_08863.jpg,1,5,36
clock_08864.jpg,1,49,21
clock_08865.jpg,7,36,58
clock_08866.jpg,6,12,19
clock_08867.jpg,7,11,10
clock_08868.jpg,4,43,16
clock_08869.jpg,3,4,39
clock_08870.jpg,4,14,44
clock_08871.jpg,7,21,14
clock_08872.jpg,0,51,40
clock_08873.jpg,10,21,52
clock_08874.jpg,3,15,43
clock_08875.jpg,1,21,49
clock_08876.jpg,11,48,45
clock_08877.jpg,7,30,37
clock_08878.jpg,10,12,1
clock_08879.jpg,6,13,21
clock_08880.jpg,9,25,44
clock_08881.jpg,2,55,9
clock_08882.jpg,0,33,35
clock_08883.jpg,8,51,41
clock_08884.jpg,11,10,17
clock_08885.jpg,5,57,5
clock_08886.jpg,0,50,36
clock_08887.jpg,5,33,28
clock_08888.jpg,3,59,2
clock_08889.jpg,1,5,58
clock_08890.jpg,2,17,48
clock_08891.jpg,9,51,49
clock_08892.jpg,7,55,2
clock_08893.jpg,8,36,57
clock_08894.jpg,0,0,2
clock_08895.jpg,3,14,58
clock_08896.jpg,10,44,12
clock_08897.jpg,0,20,12
clock_08898.jpg,10,35,31
clock_08899.jpg,1,25,27
clock_08900.jpg,0,29,37
clock_08901.jpg,10,42,47
clock_08902.jpg,5,29,5
clock_08903.jpg,3,26,6
clock_08904.jpg,2,53,38
clock_08905.jpg,2,15,53
clock_08906.jpg,1,51,12
clock_08907.jpg,11,50,8
clock_08908.jpg,10,39,10
clock_08909.jpg,7,27,41
clock_08910.jpg,7,19,57
clock_08911.jpg,4,53,33
clock_08912.jpg,1,44,27
clock_08913.jpg,4,8,56
clock_08914.jpg,7,43,18
clock_08915.jpg,7,50,35
clock_08916.jpg,11,12,10
clock_08917.jpg,3,50,21
clock_08918.jpg,9,8,13
clock_08919.jpg,0,30,0
clock_08920.jpg,0,52,34
clock_08921.jpg,2,24,4
clock_08922.jpg,6,5,6
clock_08923.jpg,4,2,41
clock_08924.jpg,7,33,4
clock_08925.jpg,0,38,29
clock_08926.jpg,4,50,57
clock_08927.jpg,11,25,2
clock_08928.jpg,6,22,50
clock_08929.jpg,10,59,22
clock_08930.jpg,7,38,54
clock_08931.jpg,7,57,37
clock_08932.jpg,6,12,15
clock_08933.jpg,8,20,46
clock_08934.jpg,6,10,17
clock_08935.jpg,9,57,4
clock_08936.jpg,9,38,59
clock_08937.jpg,8,12,57
clock_08938.jpg,6,49,39
clock_08939.jpg,6,4,3
clock_08940.jpg,8,24,57
clock_08941.jpg,6,38,35
clock_08942.jpg,2,49,13
clock_08943.jpg,5,16,35
clock_08944.jpg,3,34,36
clock_08945.jpg,1,49,2
clock_08946.jpg,6,18,42
clock_08947.jpg,1,10,40
clock_08948.jpg,1,43,24
clock_08949.jpg,11,14,44
clock_08950.jpg,9,3,27
clock_08951.jpg,8,4,37
clock_08952.jpg,8,34,2
clock_08953.jpg,8,37,58
clock_08954.jpg,6,26,43
clock_08955.jpg,9,38,50
clock_08956.jpg,5,33,5
clock_08957.jpg,6,38,56
clock_08958.jpg,3,22,3
clock_08959.jpg,2,43,17
clock_08960.jpg,10,41,50
clock_08961.jpg,7,31,9
clock_08962.jpg,1,51,25
clock_08963.jpg,0,50,33
clock_08964.jpg,4,14,52
clock_08965.jpg,6,19,39
clock_08966.jpg,8,21,55
clock_08967.jpg,1,27,0
clock_08968.jpg,4,33,21
clock_08969.jpg,9,24,44
clock_08970.jpg,5,11,31
clock_08971.jpg,11,45,40
clock_08972.jpg,11,43,49
clock_08973.jpg,4,41,6
clock_08974.jpg,3,44,30
clock_08975.jpg,4,33,21
clock_08976.jpg,0,25,47
clock_08977.jpg,7,26,59
clock_08978.jpg,11,38,47
clock_08979.jpg,10,44,58
clock_08980.jpg,5,37,33
clock_08981.jpg,9,0,0
clock_08982.jpg,7,50,55
clock_08983.jpg,6,8,15
clock_08984.jpg,0,36,38
clock_08985.jpg,7,43,28
clock_08986.jpg,10,55,58
clock_08987.jpg,7,32,46
clock_08988.jpg,3,27,42
clock_08989.jpg,11,16,1
clock_08990.jpg,5,5,15
clock_08991.jpg,4,54,59
clock_08992.jpg,0,25,0
clock_08993.jpg,1,26,17
clock_08994.jpg,1,26,32
clock_08995.jpg,8,1,7
clock_08996.jpg,7,2,13
clock_08997.jpg,11,46,19
clock_08998.jpg,7,34,36
clock_08999.jpg,5,6,45
clock_09000.jpg,8,41,5
clock_09001.jpg,6,45,29
clock_09002.jpg,8,23,58
clock_09003.jpg,9,28,23
clock_09004.jpg,4,2,54
clock_09005.jpg,1,51,32
clock_09006.jpg,8,52,42
clock_09007.jpg,5,38,41
clock_09008.jpg,3,2,41
clock_09009.jpg,9,2,44
clock_09010.jpg,5,42,26
clock_09011.jpg,10,40,57
clock_09012.jpg,5,43,41
clock_09013.jpg,1,31,19
clock_09014.jpg,11,43,45
clock_09015.jpg,9,13,50
clock_09016.jpg,2,12,59
clock_09017.jpg,10,11,7
clock_09018.jpg,3,17,47
clock_09019.jpg,7,25,40
clock_09020.jpg,8,10,23
clock_09021.jpg,7,11,0
clock_09022.jpg,0,37,19
clock_09023.jpg,7,45,57
clock_09024.jpg,2,14,23
clock_09025.jpg,3,41,33
clock_09026.jpg,2,41,20
clock_09027.jpg,8,8,17
clock_09028.jpg,3,8,24
clock_09029.jpg,4,9,23
clock_09030.jpg,2,12,32
clock_09031.jpg,11,37,43
clock_09032.jpg,6,47,23
clock_09033.jpg,9,31,16
clock_09034.jpg,4,1,44
clock_09035.jpg,0,58,29
clock_09036.jpg,8,25,42
clock_09037.jpg,1,0,48
clock_09038.jpg,10,42,58
clock_09039.jpg,9,59,38
clock_09040.jpg,2,2,43
clock_09041.jpg,4,0,2
clock_09042.jpg,11,14,59
clock_09043.jpg,0,55,25
clock_09044.jpg,6,48,29
clock_09045.jpg,7,22,53
clock_09046.jpg,11,26,33
clock_09047.jpg,8,58,7
clock_09048.jpg,6,17,25
clock_09049.jpg,4,46,49
clock_09050.jpg,1,58,32
clock_09051.jpg,0,41,9
clock_09052.jpg,5,33,59
clock_09053.jpg,1,6,4
clock_09054.jpg,10,18,34
clock_09055.jpg,5,23,50
clock_09056.jpg,6,8,18
clock_09057.jpg,3,59,53
clock_09058.jpg,5,46,45
clock_09059.jpg,9,41,22
clock_09060.jpg,7,9,41
clock_09061.jpg,0,46,30
clock_09062.jpg,9,29,42
clock_09063.jpg,2,28,19
clock_09064.jpg,8,43,43
clock_09065.jpg,6,16,2
clock_09066.jpg,0,29,52
clock_09067.jpg,10,36,13
clock_09068.jpg,2,15,6
clock_09069.jpg,3,56,12
clock_09070.jpg,3,57,7
clock_09071.jpg,8,9,57
clock_09072.jpg,6,9,27
clock_09073.jpg,10,6,52
clock_09074.jpg,2,13,51
clock_09075.jpg,6,29,38
clock_09076.jpg,1,49,24
clock_09077.jpg,9,31,21
clock_09078.jpg,9,32,51
clock_09079.jpg,0,25,39
clock_09080.jpg,0,30,20
clock_09081.jpg,2,40,40
clock_09082.jpg,9,42,40
clock_09083.jpg,3,11,53
clock_09084.jpg,6,15,32
clock_09085.jpg,5,41,11
clock_09086.jpg,4,10,26
clock_09087.jpg,11,58,21
clock_09088.jpg,11,48,41
clock_09089.jpg,1,45,7
clock_09090.jpg,5,46,3
clock_09091.jpg,5,47,50
clock_09092.jpg,2,51,22
clock_09093.jpg,7,40,15
clock_09094.jpg,3,0,17
clock_09095.jpg,10,11,1
clock_09096.jpg,2,4,9
clock_09097.jpg,4,24,2
clock_09098.jpg,5,41,9
clock_09099.jpg,7,49,38
clock_09100.jpg,0,47,58
clock_09101.jpg,10,45,9
clock_09102.jpg,7,41,11
clock_09103.jpg,3,43,6
clock_09104.jpg,5,17,53
clock_09105.jpg,7,29,17
clock_09106.jpg,7,50,52
clock_09107.jpg,6,50,53
clock_09108.jpg,3,14,58
clock_09109.jpg,5,58,13
clock_09110.jpg,8,14,53
clock_09111.jpg,3,20,44
clock_09112.jpg,0,35,5
clock_09113.jpg,4,5,27
clock_09114.jpg,3,21,38
clock_09115.jpg,3,47,15
clock_09116.jpg,5,9,44
clock_09117.jpg,5,13,24
clock_09118.jpg,6,34,44
clock_09119.jpg,0,0,10
clock_09120.jpg,10,43,1
clock_09121.jpg,9,11,38
clock_09122.jpg,5,12,28
clock_09123.jpg,5,45,0
clock_09124.jpg,3,49,35
clock_09125.jpg,1,57,1
clock_09126.jpg,11,41,33
clock_09127.jpg,7,12,41
clock_09128.jpg,10,24,18
clock_09129.jpg,3,2,24
clock_09130.jpg,8,42,20
clock_09131.jpg,8,24,50
clock_09132.jpg,5,3,27
clock_09133.jpg,9,52,39
clock_09134.jpg,9,21,52
clock_09135.jpg,5,9,4
clock_09136.jpg,3,10,27
clock_09137.jpg,0,52,24
clock_09138.jpg,3,26,35
clock_09139.jpg,2,58,22
clock_09140.jpg,4,48,5
clock_09141.jpg,7,8,37
clock_09142.jpg,8,45,27
clock_09143.jpg,0,13,6
clock_09144.jpg,11,22,52
clock_09145.jpg,9,0,13
clock_09146.jpg,4,30,0
clock_09147.jpg,1,43,12
clock_09148.jpg,3,42,17
clock_09149.jpg,7,32,4
clock_09150.jpg,3,10,25
clock_09151.jpg,2,58,30
clock_09152.jpg,2,54,19
clock_09153.jpg,8,41,34
clock_09154.jpg,6,12,42
clock_09155.jpg,8,25,7
clock_09156.jpg,11,49,44
clock_09157.jpg,2,54,2
clock_09158.jpg,6,27,17
clock_09159.jpg,11,57,10
clock_09160.jpg,4,28,40
clock_09161.jpg,0,46,43
clock_09162.jpg,3,30,33
clock_09163.jpg,0,34,14
clock_09164.jpg,3,59,45
clock_09165.jpg,9,6,25
clock_09166.jpg,1,37,11
clock_09167.jpg,6,34,14
clock_09168.jpg,6,49,5
clock_09169.jpg,2,31,49
clock_09170.jpg,5,27,55
clock_09171.jpg,1,23,56
clock_09172.jpg,10,4,6
clock_09173.jpg,5,5,1
clock_09174.jpg,0,59,56
clock_09175.jpg,0,38,1
clock_09176.jpg,11,45,41
clock_09177.jpg,5,26,35
clock_09178.jpg,6,14,8
clock_09179.jpg,1,31,3
clock_09180.jpg,7,29,13
clock_09181.jpg,1,47,32
clock_09182.jpg,0,57,35
clock_09183.jpg,10,39,30
clock_09184.jpg,2,45,47
clock_09185.jpg,6,15,52
clock_09186.jpg,3,58,14
clock_09187.jpg,0,27,19
clock_09188.jpg,10,2,29
clock_09189.jpg,7,25,58
clock_09190.jpg,7,45,29
clock_09191.jpg,1,16,3
clock_09192.jpg,3,53,10
clock_09193.jpg,4,50,5
clock_09194.jpg,5,43,42
clock_09195.jpg,10,4,25
clock_09196.jpg,6,57,36
clock_09197.jpg,4,30,5
clock_09198.jpg,9,33,22
clock_09199.jpg,8,2,58
clock_09200.jpg,4,27,19
clock_09201.jpg,9,59,36
clock_09202.jpg,6,6,4
clock_09203.jpg,8,14,38
clock_09204.jpg,2,49,24
clock_09205.jpg,9,18,4
clock_09206.jpg,4,53,41
clock_09207.jpg,4,34,43
clock_09208.jpg,7,18,7
clock_09209.jpg,2,35,50
clock_09210.jpg,8,42,51
clock_09211.jpg,9,58,19
clock_09212.jpg,4,2,58
clock_09213.jpg,8,27,24
clock_09214.jpg,1,46,7
clock_09215.jpg,8,37,23
clock_09216.jpg,2,45,28
clock_09217.jpg,11,0,37
clock_09218.jpg,9,59,2
clock_09219.jpg,6,4,20
clock_09220.jpg,6,40,31
clock_09221.jpg,0,9,48
clock_09222.jpg,9,38,48
clock_09223.jpg,2,29,47
clock_09224.jpg,2,43,1
clock_09225.jpg,6,29,58
clock_09226.jpg,3,26,7
clock_09227.jpg,9,18,30
clock_09228.jpg,0,56,59
clock_09229.jpg,9,29,40
clock_09230.jpg,0,31,58
clock_09231.jpg,5,31,9
clock_09232.jpg,10,13,32
clock_09233.jpg,9,0,7
clock_09234.jpg,3,4,6
clock_09235.jpg,10,51,46
clock_09236.jpg,6,25,47
clock_09237.jpg,0,29,7
clock_09238.jpg,0,18,32
clock_09239.jpg,9,1,13
clock_09240.jpg,8,43,14
clock_09241.jpg,4,50,2
clock_09242.jpg,8,2,52
clock_09243.jpg,5,3,32
clock_09244.jpg,7,35,7
clock_09245.jpg,0,25,30
clock_09246.jpg,11,41,18
clock_09247.jpg,8,34,8
clock_09248.jpg,2,21,49
clock_09249.jpg,9,19,35
clock_09250.jpg,11,22,55
clock_09251.jpg,5,50,22
clock_09252.jpg,4,6,1
clock_09253.jpg,9,59,29
clock_09254.jpg,2,52,20
clock_09255.jpg,4,17,17
clock_09256.jpg,11,1,22
clock_09257.jpg,6,1,32
clock_09258.jpg,8,15,51
clock_09259.jpg,9,0,20
clock_09260.jpg,10,16,57
clock_09261.jpg,2,51,31
clock_09262.jpg,9,49,53
clock_09263.jpg,4,11,5
clock_09264.jpg,0,34,40
clock_09265.jpg,7,12,12
clock_09266.jpg,10,10,27
clock_09267.jpg,6,37,52
clock_09268.jpg,6,2,8
clock_09269.jpg,1,34,1
clock_09270.jpg,9,46,3
clock_09271.jpg,7,4,2
clock_09272.jpg,11,13,12
clock_09273.jpg,7,29,14
clock_09274.jpg,9,13,38
clock_09275.jpg,2,52,31
clock_09276.jpg,1,1,5
clock_09277.jpg,6,21,49
clock_09278.jpg,9,58,58
clock_09279.jpg,7,52,49
clock_09280.jpg,4,46,2
clock_09281.jpg,7,48,13
clock_09282.jpg,6,46,0
clock_09283.jpg,8,54,37
clock_09284.jpg,0,23,54
clock_09285.jpg,1,46,50
clock_09286.jpg,8,39,1
clock_09287.jpg,5,58,13
clock_09288.jpg,9,19,20
clock_09289.jpg,9,55,26
clock_09290.jpg,5,14,26
clock_09291.jpg,11,12,53
clock_09292.jpg,3,0,27
clock_09293.jpg,4,15,59
clock_09294.jpg,5,1,25
clock_09295.jpg,6,14,21
clock_09296.jpg,4,17,12
clock_09297.jpg,5,56,56
clock_09298.jpg,1,35,59
clock_09299.jpg,2,13,56
clock_09300.jpg,3,6,49
clock_09301.jpg,4,58,28
clock_09302.jpg,7,31,50
clock_09303.jpg,9,7,27
clock_09304.jpg,0,34,29
clock_09305.jpg,9,19,8
clock_09306.jpg,11,9,22
clock_09307.jpg,8,20,40
clock_09308.jpg,1,7,40
clock_09309.jpg,8,42,34
clock_09310.jpg,3,21,17
clock_09311.jpg,10,40,56
clock_09312.jpg,10,1,49
clock_09313.jpg,6,38,38
clock_09314.jpg,7,28,4
clock_09315.jpg,1,44,3
clock_09316.jpg,2,43,49
clock_09317.jpg,4,43,49
clock_09318.jpg,4,19,25
clock_09319.jpg,1,5,39
clock_09320.jpg,11,49,18
clock_09321.jpg,6,22,0
clock_09322.jpg,3,40,46
clock_09323.jpg,6,16,54
clock_09324.jpg,0,34,50
clock_09325.jpg,2,31,51
clock_09326.jpg,0,44,32
clock_09327.jpg,4,54,7
clock_09328.jpg,4,56,44
clock_09329.jpg,0,15,58
clock_09330.jpg,6,50,15
clock_09331.jpg,7,2,21
clock_09332.jpg,9,47,12
clock_09333.jpg,1,39,18
clock_09334.jpg,8,20,23
clock_09335.jpg,7,31,55
clock_09336.jpg,8,52,50
clock_09337.jpg,7,8,13
clock_09338.jpg,11,11,59
clock_09339.jpg,2,22,27
clock_09340.jpg,5,55,22
clock_09341.jpg,5,49,7
clock_09342.jpg,3,0,52
clock_09343.jpg,7,45,22
clock_09344.jpg,9,13,14
clock_09345.jpg,3,47,9
clock_09346.jpg,4,32,18
clock_09347.jpg,4,30,55
clock_09348.jpg,10,40,7
clock_09349.jpg,11,11,43
clock_09350.jpg,11,16,44
clock_09351.jpg,10,27,54
clock_09352.jpg,3,36,18
clock_09353.jpg,3,37,46
clock_09354.jpg,1,57,15
clock_09355.jpg,10,15,10
clock_09356.jpg,2,24,27
clock_09357.jpg,1,13,12
clock_09358.jpg,5,18,52
clock_09359.jpg,7,17,22
clock_09360.jpg,1,50,36
clock_09361.jpg,4,43,11
clock_09362.jpg,2,1,58
clock_09363.jpg,4,55,58
clock_09364.jpg,2,53,29
clock_09365.jpg,7,19,16
clock_09366.jpg,10,51,34
clock_09367.jpg,2,11,9
clock_09368.jpg,4,58,20
clock_09369.jpg,6,10,9
clock_09370.jpg,1,25,16
clock_09371.jpg,0,55,18
clock_09372.jpg,10,53,2
clock_09373.jpg,1,34,29
clock_09374.jpg,1,0,22
clock_09375.jpg,2,55,32
clock_09376.jpg,0,35,29
clock_09377.jpg,3,26,18
clock_09378.jpg,3,24,58
clock_09379.jpg,3,14,32
clock_09380.jpg,7,58,45
clock_09381.jpg,10,31,38
clock_09382.jpg,2,20,48
clock_09383.jpg,9,44,4
clock_09384.jpg,0,2,11
clock_09385.jpg,7,56,40
clock_09386.jpg,10,57,51
clock_09387.jpg,11,32,7
clock_09388.jpg,0,28,53
clock_09389.jpg,4,54,33
clock_09390.jpg,0,19,20
clock_09391.jpg,4,55,31
clock_09392.jpg,0,7,36
clock_09393.jpg,6,56,31
clock_09394.jpg,6,38,1
clock_09395.jpg,2,31,7
clock_09396.jpg,1,2,51
clock_09397.jpg,0,37,20
clock_09398.jpg,4,7,32
clock_09399.jpg,4,5,8
clock_09400.jpg,3,22,45
clock_09401.jpg,8,7,33
clock_09402.jpg,5,29,57
clock_09403.jpg,10,19,18
clock_09404.jpg,3,59,15
clock_09405.jpg,4,59,28
clock_09406.jpg,11,59,5
clock_09407.jpg,0,38,14
clock_09408.jpg,3,8,5
clock_09409.jpg,3,38,50
clock_09410.jpg,5,22,6
clock_09411.jpg,8,42,1
clock_09412.jpg,8,31,46
clock_09413.jpg,5,34,33
clock_09414.jpg,7,57,31
clock_09415.jpg,7,25,30
clock_09416.jpg,4,49,57
clock_09417.jpg,0,6,14
clock_09418.jpg,4,17,27
clock_09419.jpg,7,3,38
clock_09420.jpg,1,4,12
clock_09421.jpg,8,23,6
clock_09422.jpg,1,57,59
clock_09423.jpg,9,31,6
clock_09424.jpg,11,16,29
clock_09425.jpg,8,46,29
clock_09426.jpg,7,39,54
clock_09427.jpg,2,20,51
clock_09428.jpg,8,51,52
clock_09429.jpg,8,28,19
clock_09430.jpg,1,56,54
clock_09431.jpg,4,50,29
clock_09432.jpg,1,47,24
clock_09433.jpg,2,14,42
clock_09434.jpg,5,5,49
clock_09435.jpg,9,6,47
clock_09436.jpg,2,53,52
clock_09437.jpg,8,44,19
clock_09438.jpg,4,47,34
clock_09439.jpg,6,15,17
clock_09440.jpg,3,46,7
clock_09441.jpg,1,35,34
clock_09442.jpg,2,6,55
clock_09443.jpg,4,45,7
clock_09444.jpg,5,58,56
clock_09445.jpg,5,41,5
clock_09446.jpg,1,16,38
clock_09447.jpg,8,51,56
clock_09448.jpg,9,53,18
clock_09449.jpg,0,40,9
clock_09450.jpg,0,28,2
clock_09451.jpg,7,12,28
clock_09452.jpg,5,19,19
clock_09453.jpg,5,46,18
clock_09454.jpg,7,26,16
clock_09455.jpg,9,28,18
clock_09456.jpg,3,37,7
clock_09457.jpg,7,59,32
clock_09458.jpg,10,27,18
clock_09459.jpg,4,12,5
clock_09460.jpg,9,50,52
clock_09461.jpg,2,14,5
clock_09462.jpg,2,12,57
clock_09463.jpg,4,22,44
clock_09464.jpg,5,10,39
clock_09465.jpg,5,49,34
clock_09466.jpg,8,50,50
clock_09467.jpg,9,43,13
clock_09468.jpg,2,42,37
clock_09469.jpg,5,58,55
clock_09470.jpg,7,41,35
clock_09471.jpg,8,28,35
clock_09472.jpg,0,33,40
clock_09473.jpg,7,59,7
clock_09474.jpg,3,28,58
clock_09475.jpg,5,37,29
clock_09476.jpg,5,41,36
clock_09477.jpg,0,26,7
clock_09478.jpg,8,50,8
clock_09479.jpg,1,37,24
clock_09480.jpg,11,39,21
clock_09481.jpg,4,42,50
clock_09482.jpg,3,56,7
clock_09483.jpg,0,52,28
clock_09484.jpg,4,16,2
clock_09485.jpg,8,9,12
clock_09486.jpg,3,16,28
clock_09487.jpg,9,36,38
clock_09488.jpg,4,55,0
clock_09489.jpg,9,40,22
clock_09490.jpg,6,30,55
clock_09491.jpg,9,45,15
clock_09492.jpg,6,53,43
clock_09493.jpg,4,57,52
clock_09494.jpg,8,5,2
clock_09495.jpg,10,27,28
clock_09496.jpg,6,5,17
clock_09497.jpg,6,30,10
clock_09498.jpg,3,1,26
clock_09499.jpg,10,55,44
clock_09500.jpg,3,54,30
clock_09501.jpg,3,12,46
clock_09502.jpg,11,38,44
clock_09503.jpg,6,6,20
clock_09504.jpg,1,43,58
clock_09505.jpg,9,3,44
clock_09506.jpg,4,38,42
clock_09507.jpg,10,1,4
clock_09508.jpg,4,48,13
clock_09509.jpg,4,49,8
clock_09510.jpg,10,10,41
clock_09511.jpg,9,13,1
clock_09512.jpg,2,57,58
clock_09513.jpg,4,54,22
clock_09514.jpg,1,40,19
clock_09515.jpg,9,54,44
clock_09516.jpg,10,50,50
clock_09517.jpg,0,46,28
clock_09518.jpg,0,8,9
clock_09519.jpg,10,13,54
clock_09520.jpg,2,33,17
clock_09521.jpg,5,45,20
clock_09522.jpg,11,58,5
clock_09523.jpg,7,53,21
clock_09524.jpg,8,33,31
clock_09525.jpg,4,41,3
clock_09526.jpg,4,55,21
clock_09527.jpg,7,51,31
clock_09528.jpg,5,26,8
clock_09529.jpg,9,30,8
clock_09530.jpg,9,24,36
clock_09531.jpg,5,21,27
clock_09532.jpg,1,26,8
clock_09533.jpg,0,24,30
clock_09534.jpg,4,18,37
clock_09535.jpg,7,50,19
clock_09536.jpg,10,19,47
clock_09537.jpg,3,4,53
clock_09538.jpg,10,6,41
clock_09539.jpg,0,0,8
clock_09540.jpg,3,49,57
clock_09541.jpg,1,50,23
clock_09542.jpg,4,36,13
clock_09543.jpg,8,52,12
clock_09544.jpg,9,26,21
clock_09545.jpg,1,41,59
clock_09546.jpg,6,35,43
clock_09547.jpg,7,55,23
clock_09548.jpg,8,27,44
clock_09549.jpg,5,44,35
clock_09550.jpg,7,24,43
clock_09551.jpg,9,55,22
clock_09552.jpg,10,47,25
clock_09553.jpg,6,13,23
clock_09554.jpg,3,17,51
clock_09555.jpg,0,41,31
clock_09556.jpg,7,27,34
clock_09557.jpg,0,44,33
clock_09558.jpg,7,37,14
clock_09559.jpg,0,56,41
clock_09560.jpg,8,8,35
clock_09561.jpg,7,3,45
clock_09562.jpg,4,5,53
clock_09563.jpg,9,29,43
clock_09564.jpg,2,16,29
clock_09565.jpg,1,41,10
clock_09566.jpg,5,58,36
clock_09567.jpg,4,21,12
clock_09568.jpg,3,20,37
clock_09569.jpg,6,2,32
clock_09570.jpg,11,27,15
clock_09571.jpg,9,7,21
clock_09572.jpg,9,24,42
clock_09573.jpg,9,36,23
clock_09574.jpg,4,32,4
clock_09575.jpg,6,41,59
clock_09576.jpg,7,47,8
clock_09577.jpg,8,41,15
clock_09578.jpg,8,24,59
clock_09579.jpg,1,32,14
clock_09580.jpg,1,36,59
clock_09581.jpg,11,42,15
clock_09582.jpg,10,32,12
clock_09583.jpg,8,41,42
clock_09584.jpg,8,7,43
clock_09585.jpg,6,1,34
clock_09586.jpg,8,22,56
clock_09587.jpg,5,49,52
clock_09588.jpg,3,50,2
clock_09589.jpg,7,43,30
clock_09590.jpg,10,0,25
clock_09591.jpg,4,42,37
clock_09592.jpg,6,44,25
clock_09593.jpg,6,17,2
clock_09594.jpg,6,40,36
clock_09595.jpg,3,51,27
clock_09596.jpg,2,2,53
clock_09597.jpg,11,10,45
clock_09598.jpg,6,25,17
clock_09599.jpg,7,53,29
clock_09600.jpg,9,47,29
clock_09601.jpg,10,2,15
clock_09602.jpg,8,21,17
clock_09603.jpg,2,37,45
clock_09604.jpg,2,58,33
clock_09605.jpg,10,39,6
clock_09606.jpg,6,39,14
clock_09607.jpg,3,39,24
clock_09608.jpg,5,46,1
clock_09609.jpg,9,39,29
clock_09610.jpg,2,36,48
clock_09611.jpg,5,29,9
clock_09612.jpg,8,0,0
clock_09613.jpg,11,28,43
clock_09614.jpg,5,36,20
clock_09615.jpg,5,4,27
clock_09616.jpg,5,10,30
clock_09617.jpg,10,0,27
clock_09618.jpg,8,39,43
clock_09619.jpg,9,9,9
clock_09620.jpg,6,4,30
clock_09621.jpg,3,41,54
clock_09622.jpg,6,38,10
clock_09623.jpg,11,29,30
clock_09624.jpg,7,48,44
clock_09625.jpg,0,27,45
clock_09626.jpg,8,28,20
clock_09627.jpg,0,48,43
clock_09628.jpg,0,27,14
clock_09629.jpg,4,17,0
clock_09630.jpg,3,9,38
clock_09631.jpg,2,46,39
clock_09632.jpg,10,7,2
clock_09633.jpg,3,56,58
clock_09634.jpg,7,26,23
clock_09635.jpg,2,15,27
clock_09636.jpg,11,40,27
clock_09637.jpg,3,38,44
clock_09638.jpg,8,49,31
clock_09639.jpg,2,2,1
clock_09640.jpg,1,33,53
clock_09641.jpg,8,36,54
clock_09642.jpg,5,53,35
clock_09643.jpg,5,5,12
clock_09644.jpg,1,20,23
clock_09645.jpg,11,25,25
clock_09646.jpg,1,20,21
clock_09647.jpg,10,19,47
clock_09648.jpg,10,35,48
clock_09649.jpg,4,58,23
clock_09650.jpg,11,57,8
clock_09651.jpg,10,22,54
clock_09652.jpg,10,59,2
clock_09653.jpg,0,53,51
clock_09654.jpg,11,58,8
clock_09655.jpg,0,10,2
clock_09656.jpg,10,36,59
clock_09657.jpg,4,31,52
clock_09658.jpg,11,8,25
clock_09659.jpg,3,21,42
clock_09660.jpg,9,19,1
clock_09661.jpg,3,11,57
clock_09662.jpg,11,41,13
clock_09663.jpg,10,38,51
clock_09664.jpg,1,51,19
clock_09665.jpg,7,33,2
clock_09666.jpg,2,7,46
clock_09667.jpg,5,54,0
clock_09668.jpg,1,24,55
clock_09669.jpg,8,4,12
clock_09670.jpg,9,47,56
clock_09671.jpg,11,59,48
clock_09672.jpg,9,38,43
clock_09673.jpg,1,56,3
clock_09674.jpg,0,41,26
clock_09675.jpg,10,18,2
clock_09676.jpg,6,28,18
clock_09677.jpg,6,4,12
clock_09678.jpg,10,13,23
clock_09679.jpg,7,10,11
clock_09680.jpg,11,22,26
clock_09681.jpg,6,15,34
clock_09682.jpg,11,1,23
clock_09683.jpg,2,44,46
clock_09684.jpg,8,11,2
clock_09685.jpg,8,11,24
clock_09686.jpg,8,41,57
clock_09687.jpg,9,14,48
clock_09688.jpg,5,0,25
clock_09689.jpg,2,59,34
clock_09690.jpg,11,17,12
clock_09691.jpg,11,15,35
clock_09692.jpg,11,31,53
clock_09693.jpg,11,20,26
clock_09694.jpg,4,39,58
clock_09695.jpg,6,27,31
clock_09696.jpg,6,14,18
clock_09697.jpg,9,15,25
clock_09698.jpg,4,33,7
clock_09699.jpg,2,28,8
clock_09700.jpg,1,2,27
clock_09701.jpg,9,15,55
clock_09702.jpg,1,34,21
clock_09703.jpg,10,2,43
clock_09704.jpg,4,24,28
clock_09705.jpg,3,9,49
clock_09706.jpg,4,39,45
clock_09707.jpg,11,17,16
clock_09708.jpg,5,40,6
clock_09709.jpg,9,15,18
clock_09710.jpg,11,59,21
clock_09711.jpg,9,8,50
clock_09712.jpg,7,15,49
clock_09713.jpg,4,25,12
clock_09714.jpg,4,20,9
clock_09715.jpg,9,9,38
clock_09716.jpg,4,15,0
clock_09717.jpg,1,27,29
clock_09718.jpg,10,58,32
clock_09719.jpg,2,45,8
clock_09720.jpg,7,36,45
clock_09721.jpg,8,17,48
clock_09722.jpg,11,18,11
clock_09723.jpg,7,17,28
clock_09724.jpg,7,12,21
clock_09725.jpg,3,3,0
clock_09726.jpg,4,30,39
clock_09727.jpg,0,8,32
clock_09728.jpg,0,54,23
clock_09729.jpg,5,59,40
clock_09730.jpg,9,25,34
clock_09731.jpg,8,43,54
clock_09732.jpg,2,15,13
clock_09733.jpg,6,49,36
clock_09734.jpg,4,30,43
clock_09735.jpg,3,3,44
clock_09736.jpg,9,13,34
clock_09737.jpg,9,30,0
clock_09738.jpg,3,10,18
clock_09739.jpg,5,39,39
clock_09740.jpg,0,32,3
clock_09741.jpg,4,41,37
clock_09742.jpg,2,0,13
clock_09743.jpg,5,8,8
clock_09744.jpg,2,12,40
clock_09745.jpg,4,25,55
clock_09746.jpg,9,24,49
clock_09747.jpg,5,49,38
clock_09748.jpg,7,1,43
clock_09749.jpg,9,27,3
clock_09750.jpg,1,10,46
clock_09751.jpg,7,54,50
clock_09752.jpg,4,40,42
clock_09753.jpg,3,31,28
clock_09754.jpg,11,59,13
clock_09755.jpg,5,27,39
clock_09756.jpg,1,7,1
clock_09757.jpg,7,45,41
clock_09758.jpg,4,15,50
clock_09759.jpg,4,48,26
clock_09760.jpg,0,56,45
clock_09761.jpg,1,44,52
clock_09762.jpg,8,58,16
clock_09763.jpg,7,30,44
clock_09764.jpg,10,47,17
clock_09765.jpg,7,11,59
clock_09766.jpg,3,36,31
clock_09767.jpg,6,47,47
clock_09768.jpg,8,15,46
clock_09769.jpg,9,47,34
clock_09770.jpg,10,48,26
clock_09771.jpg,6,38,20
clock_09772.jpg,2,21,32
clock_09773.jpg,2,9,29
clock_09774.jpg,4,4,51
clock_09775.jpg,10,7,17
clock_09776.jpg,8,39,26
clock_09777.jpg,9,5,37
clock_09778.jpg,2,23,25
clock_09779.jpg,9,36,7
clock_09780.jpg,11,15,24
clock_09781.jpg,1,37,28
clock_09782.jpg,9,20,56
clock_09783.jpg,3,59,11
clock_09784.jpg,2,39,54
clock_09785.jpg,9,42,12
clock_09786.jpg,9,15,10
clock_09787.jpg,3,27,23
clock_09788.jpg,10,58,4
clock_09789.jpg,8,49,42
clock_09790.jpg,3,4,53
clock_09791.jpg,10,52,39
clock_09792.jpg,8,13,22
clock_09793.jpg,8,41,5
clock_09794.jpg,5,18,23
clock_09795.jpg,8,32,19
clock_09796.jpg,7,56,53
clock_09797.jpg,11,19,39
clock_09798.jpg,1,58,40
clock_09799.jpg,3,0,51
clock_09800.jpg,11,50,34
clock_09801.jpg,0,44,35
clock_09802.jpg,4,41,30
clock_09803.jpg,10,44,42
clock_09804.jpg,8,45,25
clock_09805.jpg,9,34,36
clock_09806.jpg,3,18,44
clock_09807.jpg,8,54,44
clock_09808.jpg,3,45,39
clock_09809.jpg,10,39,52
clock_09810.jpg,2,55,47
clock_09811.jpg,3,18,56
clock_09812.jpg,9,1,53
clock_09813.jpg,10,39,26
clock_09814.jpg,3,48,6
clock_09815.jpg,8,5,19
clock_09816.jpg,11,26,53
clock_09817.jpg,1,0,48
clock_09818.jpg,10,55,23
clock_09819.jpg,6,36,53
clock_09820.jpg,4,21,5
clock_09821.jpg,7,53,31
clock_09822.jpg,7,23,17
clock_09823.jpg,10,11,25
clock_09824.jpg,7,45,11
clock_09825.jpg,3,59,3
clock_09826.jpg,10,30,7
clock_09827.jpg,9,53,43
clock_09828.jpg,2,6,39
clock_09829.jpg,9,46,19
clock_09830.jpg,11,12,29
clock_09831.jpg,0,55,9
clock_09832.jpg,6,37,38
clock_09833.jpg,6,25,30
clock_09834.jpg,2,6,13
clock_09835.jpg,2,3,9
clock_09836.jpg,7,15,57
clock_09837.jpg,1,30,5
clock_09838.jpg,5,21,40
clock_09839.jpg,3,2,55
clock_09840.jpg,8,4,22
clock_09841.jpg,8,14,59
clock_09842.jpg,6,59,35
clock_09843.jpg,6,59,53
clock_09844.jpg,7,12,43
clock_09845.jpg,11,48,53
clock_09846.jpg,4,47,49
clock_09847.jpg,6,6,10
clock_09848.jpg,8,56,57
clock_09849.jpg,2,27,37
clock_09850.jpg,1,11,42
clock_09851.jpg,10,41,16
clock_09852.jpg,8,51,18
clock_09853.jpg,2,30,46
clock_09854.jpg,3,4,22
clock_09855.jpg,3,11,53
clock_09856.jpg,10,59,53
clock_09857.jpg,11,57,13
clock_09858.jpg,5,31,43
clock_09859.jpg,0,29,26
clock_09860.jpg,4,12,53
clock_09861.jpg,8,27,19
clock_09862.jpg,3,21,53
clock_09863.jpg,3,39,45
clock_09864.jpg,6,42,6
clock_09865.jpg,5,35,34
clock_09866.jpg,10,30,32
clock_09867.jpg,4,59,31
clock_09868.jpg,0,51,23
clock_09869.jpg,9,23,50
clock_09870.jpg,10,4,47
clock_09871.jpg,10,33,52
clock_09872.jpg,3,51,13
clock_09873.jpg,2,41,21
clock_09874.jpg,10,49,29
clock_09875.jpg,4,17,33
clock_09876.jpg,0,31,1
clock_09877.jpg,2,8,55
clock_09878.jpg,8,42,5
clock_09879.jpg,8,54,44
clock_09880.jpg,9,1,25
clock_09881.jpg,10,28,5
clock_09882.jpg,8,33,28
clock_09883.jpg,8,51,26
clock_09884.jpg,6,37,27
clock_09885.jpg,5,0,58
clock_09886.jpg,11,26,52
clock_09887.jpg,11,40,12
clock_09888.jpg,6,38,21
clock_09889.jpg,4,13,5
clock_09890.jpg,8,37,0
clock_09891.jpg,1,20,50
clock_09892.jpg,8,45,46
clock_09893.jpg,6,34,51
clock_09894.jpg,5,41,45
clock_09895.jpg,11,43,0
clock_09896.jpg,3,55,17
clock_09897.jpg,3,14,47
clock_09898.jpg,4,42,31
clock_09899.jpg,6,46,27
clock_09900.jpg,6,43,38
clock_09901.jpg,0,29,5
clock_09902.jpg,4,30,40
clock_09903.jpg,0,16,9
clock_09904.jpg,8,46,38
clock_09905.jpg,4,50,36
clock_09906.jpg,8,19,35
clock_09907.jpg,3,16,9
clock_09908.jpg,7,15,7
clock_09909.jpg,6,29,25
clock_09910.jpg,1,15,34
clock_09911.jpg,4,40,55
clock_09912.jpg,2,23,7
clock_09913.jpg,5,47,40
clock_09914.jpg,6,10,55
clock_09915.jpg,3,1,14
clock_09916.jpg,6,1,7
clock_09917.jpg,2,16,40
clock_09918.jpg,9,42,29
clock_09919.jpg,0,16,5
clock_09920.jpg,3,13,13
clock_09921.jpg,8,17,26
clock_09922.jpg,6,43,55
clock_09923.jpg,2,32,56
clock_09924.jpg,2,58,32
clock_09925.jpg,9,13,16
clock_09926.jpg,1,12,51
clock_09927.jpg,10,30,18
clock_09928.jpg,2,42,23
clock_09929.jpg,7,51,3
clock_09930.jpg,9,0,32
clock_09931.jpg,2,9,28
clock_09932.jpg,7,9,17
clock_09933.jpg,2,35,4
clock_09934.jpg,2,14,48
clock_09935.jpg,10,32,57
clock_09936.jpg,5,2,16
clock_09937.jpg,1,31,16
clock_09938.jpg,4,59,30
clock_09939.jpg,2,20,56
clock_09940.jpg,3,43,32
clock_09941.jpg,7,42,15
clock_09942.jpg,5,36,1
clock_09943.jpg,8,32,22
clock_09944.jpg,7,44,18
clock_09945.jpg,2,42,41
clock_09946.jpg,9,56,39
clock_09947.jpg,4,3,31
clock_09948.jpg,6,31,49
clock_09949.jpg,6,23,49
clock_09950.jpg,0,0,52
clock_09951.jpg,7,28,7
clock_09952.jpg,9,27,18
clock_09953.jpg,3,11,3
clock_09954.jpg,9,7,18
clock_09955.jpg,1,55,34
clock_09956.jpg,2,50,12
clock_09957.jpg,1,41,56
clock_09958.jpg,9,0,11
clock_09959.jpg,5,22,42
clock_09960.jpg,3,13,24
clock_09961.jpg,7,47,12
clock_09962.jpg,5,28,58
clock_09963.jpg,9,17,19
clock_09964.jpg,4,17,53
clock_09965.jpg,3,43,22
clock_09966.jpg,9,3,15
clock_09967.jpg,0,36,31
clock_09968.jpg,10,26,10
clock_09969.jpg,10,12,33
clock_09970.jpg,8,49,19
clock_09971.jpg,3,33,1
clock_09972.jpg,7,5,20
clock_09973.jpg,0,39,36
clock_09974.jpg,11,23,31
clock_09975.jpg,0,59,26
clock_09976.jpg,7,1,52
clock_09977.jpg,4,2,8
clock_09978.jpg,6,23,12
clock_09979.jpg,1,56,32
clock_09980.jpg,3,55,9
clock_09981.jpg,10,17,41
clock_09982.jpg,11,43,55
clock_09983.jpg,5,49,35
clock_09984.jpg,8,30,38
clock_09985.jpg,2,50,21
clock_09986.jpg,2,41,26
clock_09987.jpg,1,57,50
clock_09988.jpg,2,55,29
clock_09989.jpg,9,29,0
clock_09990.jpg,5,59,58
clock_09991.jpg,7,37,3
clock_09992.jpg,6,37,30
clock_09993.jpg,7,29,45
clock_09994.jpg,6,31,31
clock_09995.jpg,6,16,17
clock_09996.jpg,11,12,26
clock_09997.jpg,5,25,22
clock_09998.jpg,8,47,14
clock_09999.jpg,8,42,52
